age,dailyrate,distancefromhome,education,environmentsatisfaction,hourlyrate,jobinvolvement,joblevel,jobsatisfaction,monthlyincome,numcompaniesworked,overtime,percentsalaryhike,performancerating,relationshipsatisfaction,stockoptionlevel,totalworkingyears,worklifebalance,yearsatcompany,attrition,synthetic
40,709,19,2,3,57,3,3,4,10715,8,0,11,3,3,2,28,3,10,0,1
40,985,4,4,4,72,3,3,4,11194,2,0,15,3,4,2,12,3,7,0,1
36,455,2,1,2,52,3,2,1,14123,2,1,19,3,1,2,14,1,23,0,1
28,572,29,2,1,52,1,1,1,2816,5,1,11,3,1,0,3,1,0,1,1
28,424,15,1,1,53,1,1,1,1008,7,1,12,3,1,0,4,1,0,1,1
36,226,6,4,3,93,2,2,3,6309,4,1,15,3,2,0,27,2,7,0,1
27,220,15,1,1,48,1,1,1,2169,4,1,13,3,1,0,1,1,1,1,1
41,912,1,2,3,92,1,3,1,2781,2,0,17,3,3,1,19,3,22,0,1
33,226,14,2,1,79,3,3,2,7558,5,1,23,3,1,0,19,1,14,0,1
37,743,2,2,2,67,2,4,4,14623,7,1,24,3,4,1,19,3,0,1,1
30,1097,17,4,1,66,2,4,1,10765,2,1,17,3,2,1,3,3,4,0,1
30,1236,27,2,4,59,2,2,4,12079,1,0,24,3,1,0,17,3,1,0,1
35,758,14,4,3,58,3,3,3,2370,8,0,15,3,3,0,23,2,24,0,1
28,289,22,2,1,45,1,1,1,1723,5,1,11,3,1,0,4,1,1,1,1
33,921,24,2,3,45,1,2,4,3291,8,0,16,3,3,2,8,3,10,0,1
22,399,23,2,1,51,1,1,1,2873,4,1,13,3,1,0,1,1,1,1,1
31,950,25,3,4,81,3,2,4,4097,0,0,24,3,2,0,26,1,6,1,1
27,208,20,1,1,36,1,1,1,1239,4,1,13,3,1,0,4,1,0,1,1
36,1354,4,3,4,78,3,4,4,5299,1,0,22,3,3,2,16,3,15,0,1
29,541,15,1,1,45,1,1,1,1341,5,1,12,3,1,0,4,1,0,1,1
45,455,28,2,4,31,2,3,2,10519,6,0,15,3,4,2,27,2,24,1,1
47,1186,1,3,3,64,3,4,3,10281,1,0,15,3,4,2,22,3,11,0,1
27,569,16,1,1,53,1,1,1,2613,4,1,13,3,1,0,3,1,1,1,1
22,817,29,4,2,39,3,4,2,9636,7,0,11,3,4,2,8,1,1,1,1
47,1240,3,3,4,83,3,4,4,10648,1,0,18,3,3,2,15,3,12,0,1
24,397,26,2,1,36,1,1,1,2391,4,1,11,3,1,0,1,1,1,1,1
31,1169,20,1,4,94,1,2,2,1436,2,0,15,3,1,1,7,1,20,0,1
40,1304,1,1,1,99,2,2,3,8903,8,1,16,3,1,0,11,3,15,1,1
37,625,14,3,2,93,1,3,1,5554,8,1,20,3,2,1,8,3,20,1,1
30,260,19,2,1,40,1,1,1,2664,8,1,12,3,1,0,1,1,1,1,1
28,515,28,1,1,46,1,1,1,1405,5,1,11,3,1,0,2,1,2,1,1
52,1034,2,4,1,40,2,1,3,7818,5,0,16,3,3,2,2,3,12,0,1
49,1315,2,3,4,79,3,3,3,9687,2,0,20,3,3,2,16,3,15,0,1
35,916,3,4,3,80,3,4,3,7852,1,0,16,3,4,2,21,3,13,0,1
35,635,8,2,4,30,2,1,3,6828,5,1,17,3,3,1,17,2,14,1,1
35,588,11,4,1,93,1,3,1,9053,3,0,13,3,4,1,1,1,11,0,1
31,675,25,2,3,47,1,4,2,12831,1,1,12,3,4,2,16,3,11,1,1
42,1098,19,1,4,99,2,4,1,7642,1,0,13,3,4,1,15,3,11,0,1
33,865,1,4,4,89,3,3,4,13437,2,0,15,3,3,1,17,3,6,0,1
48,878,1,4,3,63,3,3,4,8076,1,0,21,3,4,1,12,3,17,0,1
40,1324,2,4,4,84,3,4,4,12282,2,0,16,3,4,1,19,3,18,0,1
23,357,28,2,1,41,1,1,1,2007,8,1,11,3,1,0,2,1,2,1,1
54,429,3,3,4,90,3,3,4,3471,6,1,15,3,2,1,3,1,9,0,1
32,798,18,3,1,31,3,3,2,6626,2,1,21,3,3,2,27,2,24,1,1
40,1266,4,3,3,64,3,3,4,13045,2,0,18,3,4,2,20,3,7,0,1
23,838,11,2,2,61,2,2,2,14989,6,1,20,3,2,2,16,2,10,0,1
33,921,4,4,4,95,3,3,4,10539,2,0,23,3,3,2,19,3,17,0,1
29,383,18,1,1,54,1,1,1,2432,8,1,12,3,1,0,1,1,2,1,1
30,982,4,1,1,36,3,3,3,1676,2,0,16,3,3,2,24,1,9,0,1
31,306,21,1,1,32,1,1,1,2169,4,1,13,3,1,0,4,1,1,1,1
36,686,10,1,3,58,2,1,3,13438,1,0,14,3,4,0,27,3,20,0,1
22,790,25,1,2,36,3,4,3,2600,6,0,23,3,2,1,12,2,21,1,1
25,435,25,2,1,39,1,1,1,1563,8,1,11,3,1,0,2,1,2,1,1
22,534,8,1,2,74,1,4,1,6892,1,1,20,3,2,1,3,1,22,1,1
46,1150,3,3,4,97,3,2,4,8342,1,0,16,3,4,1,13,3,6,0,1
53,651,12,3,2,43,3,4,2,9530,8,0,24,3,1,2,11,3,12,0,1
30,445,18,1,1,37,1,1,1,2282,5,1,13,3,1,0,4,1,2,1,1
28,1365,14,3,3,44,3,4,4,8789,7,0,24,3,3,2,3,2,15,1,1
35,1282,3,3,3,70,3,4,4,6865,2,0,15,3,4,2,17,3,5,0,1
34,939,1,4,3,83,3,2,4,5991,1,0,19,3,4,2,22,3,16,0,1
24,220,25,2,1,50,1,1,1,2925,4,1,11,3,1,0,4,1,1,1,1
22,767,11,3,2,91,2,2,3,9339,4,1,20,3,3,1,23,2,22,1,1
46,829,4,4,3,91,3,2,4,10224,2,0,17,3,4,1,14,3,13,0,1
49,1098,4,3,4,78,3,4,3,14610,1,0,16,3,3,2,24,3,8,0,1
24,551,24,2,1,35,1,1,1,1085,4,1,11,3,1,0,3,1,2,1,1
44,1376,4,3,3,71,3,3,4,14449,2,0,18,3,3,1,18,3,10,0,1
30,438,28,1,1,38,1,1,1,1483,8,1,13,3,1,0,2,1,1,1,1
29,410,15,4,2,87,2,3,1,14945,3,0,18,3,1,1,14,1,10,0,1
23,539,26,1,1,34,1,1,1,1285,4,1,12,3,1,0,2,1,1,1,1
35,1239,1,3,3,87,3,3,3,8467,2,0,16,3,4,1,20,3,15,0,1
45,948,2,4,4,90,3,4,3,5305,2,0,24,3,3,2,15,3,11,0,1
29,301,27,1,1,44,1,1,1,2951,5,1,13,3,1,0,1,1,0,1,1
42,1106,3,3,3,70,3,3,4,7530,2,0,17,3,4,1,16,3,16,0,1
27,242,19,1,1,43,1,1,1,2477,4,1,13,3,1,0,3,1,0,1,1
28,357,21,1,1,61,3,1,4,7724,2,1,11,3,3,2,22,2,14,1,1
48,1300,14,1,2,77,2,3,3,4084,6,1,17,3,3,2,12,1,22,0,1
28,441,14,2,3,75,2,1,4,5383,6,1,12,3,2,2,19,2,18,1,1
23,1010,18,3,1,93,3,1,1,3928,6,0,16,3,1,1,3,2,3,1,1
35,800,10,1,4,92,2,1,3,10631,7,0,15,3,4,1,26,1,17,0,1
36,1158,21,3,1,95,1,2,3,8996,4,0,19,3,2,1,18,3,2,0,1
22,311,29,4,1,46,2,2,4,13090,1,0,21,3,3,1,9,2,15,1,1
22,482,3,4,2,38,1,1,2,7820,0,1,11,3,4,2,18,3,7,1,1
44,1274,3,3,3,67,3,3,4,5233,2,0,18,3,3,1,10,3,19,0,1
54,1340,17,2,4,79,2,2,2,14092,3,0,24,3,2,2,28,2,11,1,1
22,593,16,2,1,48,1,1,1,1057,8,1,11,3,1,0,4,1,0,1,1
33,1086,3,4,3,71,3,3,3,13684,1,0,20,3,3,2,22,3,14,0,1
41,580,13,4,1,68,2,1,2,2946,3,0,15,3,2,0,6,2,8,0,1
31,645,26,4,2,53,2,1,1,1400,7,0,17,3,1,2,2,2,11,0,1
26,209,15,2,1,49,1,1,1,1261,5,1,11,3,1,0,3,1,0,1,1
25,1124,5,2,4,70,3,1,2,10840,8,0,16,3,4,2,1,2,4,1,1
24,588,16,1,1,32,1,1,1,1208,6,1,11,3,1,0,3,1,0,1,1
36,633,29,2,4,68,1,1,4,10447,3,1,14,3,4,1,11,2,12,0,1
36,1083,4,3,4,68,3,3,3,5016,1,0,21,3,3,1,17,3,10,0,1
24,1392,15,4,1,71,1,1,3,9347,5,0,22,3,1,2,3,3,13,0,1
52,1355,3,2,4,39,2,1,4,9988,4,0,17,3,1,1,20,3,9,0,1
54,477,21,1,1,44,3,2,2,8199,5,0,20,3,1,2,6,3,10,0,1
50,1333,28,3,3,65,1,3,1,3160,3,0,23,3,4,2,1,2,0,1,1
36,920,12,2,4,99,1,2,1,14023,2,1,20,3,4,1,6,3,24,1,1
44,811,1,4,4,84,3,2,3,10315,2,0,24,3,3,1,14,3,13,0,1
35,823,23,1,3,66,2,3,1,7995,7,1,15,3,1,0,18,1,21,1,1
50,241,3,1,4,84,3,3,1,10901,6,0,18,3,3,2,27,3,2,1,1
35,1130,28,2,2,36,3,3,1,4234,1,0,14,3,2,2,28,3,23,1,1
27,527,29,1,1,34,1,1,1,2139,7,1,13,3,1,0,2,1,1,1,1
44,1125,3,3,4,99,3,2,3,7426,2,0,18,3,3,1,12,3,7,0,1
32,948,3,4,4,91,3,3,3,11229,2,0,21,3,4,2,15,3,5,0,1
25,351,29,2,1,36,1,1,1,2581,8,1,12,3,1,0,3,1,1,1,1
25,599,16,2,1,39,1,1,1,2487,6,1,12,3,1,0,1,1,1,1,1
30,493,26,1,1,46,1,1,1,1896,6,1,12,3,1,0,4,1,1,1,1
36,1385,4,3,4,69,3,4,4,6196,1,0,16,3,3,2,24,3,14,0,1
30,598,26,2,1,50,1,1,1,1827,6,1,12,3,1,0,1,1,1,1,1
47,813,19,4,4,80,3,1,2,7064,8,0,11,3,1,0,15,2,1,1,1
46,1058,2,4,3,61,3,3,4,7056,2,0,18,3,3,1,13,3,14,0,1
30,1326,12,2,1,66,1,4,4,12795,8,0,17,3,1,2,18,3,10,0,1
41,912,3,4,4,82,3,4,4,7657,1,0,18,3,4,2,8,3,6,0,1
32,955,2,4,4,70,3,2,3,12264,1,0,21,3,4,2,12,3,8,0,1
32,1395,2,4,4,86,3,4,3,5617,1,0,20,3,3,2,14,3,8,0,1
26,473,19,1,1,33,1,1,1,2356,5,1,11,3,1,0,1,1,0,1,1
24,504,15,2,1,48,1,1,1,2971,4,1,11,3,1,0,1,1,1,1,1
53,504,4,4,1,61,1,1,1,1712,0,1,12,3,2,2,14,2,1,0,1
44,957,11,1,3,80,3,1,4,12170,0,1,22,3,3,2,27,1,10,0,1
40,1103,15,2,2,34,1,2,2,8531,6,1,23,3,1,0,19,1,4,1,1
41,1399,12,1,1,46,2,3,3,12066,2,0,22,3,4,2,10,2,1,1,1
38,670,14,4,1,33,2,3,1,6906,7,1,13,3,4,1,26,3,6,1,1
45,1063,3,4,3,99,3,2,3,8742,2,0,18,3,3,2,13,3,15,0,1
28,382,19,1,1,34,1,1,1,1814,5,1,13,3,1,0,2,1,2,1,1
44,257,18,2,2,47,2,2,3,13125,6,0,15,3,1,1,17,1,24,1,1
46,1134,3,3,4,99,3,4,4,10134,1,0,20,3,4,1,15,3,19,0,1
31,379,29,2,1,42,1,1,1,1535,7,1,13,3,1,0,2,1,1,1,1
22,416,2,2,4,42,1,4,4,12415,3,1,17,3,1,1,20,2,19,1,1
26,257,22,2,1,54,1,1,1,2302,7,1,13,3,1,0,1,1,0,1,1
22,408,18,2,1,38,1,1,1,2707,7,1,11,3,1,0,4,1,2,1,1
38,1270,1,3,4,63,3,2,4,6825,1,0,19,3,4,1,10,3,13,0,1
22,348,26,1,1,32,1,1,1,2475,7,1,13,3,1,0,4,1,2,1,1
40,1094,3,3,3,71,3,3,3,8044,2,0,19,3,3,2,12,3,18,0,1
48,428,16,3,4,63,2,1,2,11326,4,0,24,3,4,1,29,1,9,0,1
44,1110,4,4,3,84,3,2,4,12159,2,0,21,3,3,2,23,3,9,0,1
52,1181,12,4,3,81,3,1,4,3746,7,0,16,3,2,0,10,2,2,0,1
25,588,10,4,1,60,2,4,3,7468,4,0,17,3,1,2,20,3,11,1,1
31,760,17,2,2,92,1,4,3,9586,0,1,12,3,2,0,4,1,20,0,1
29,422,20,3,4,90,3,2,3,12208,6,1,14,3,3,0,10,1,14,1,1
28,559,6,4,4,79,2,2,1,12419,5,1,17,3,3,0,0,3,2,1,1
26,806,19,1,3,30,2,2,3,10369,1,1,19,3,1,2,8,3,10,0,1
43,1093,4,3,4,75,3,4,3,8051,1,0,20,3,3,2,9,3,19,0,1
24,313,29,1,1,53,1,1,1,2920,7,1,13,3,1,0,1,1,2,1,1
41,811,3,4,4,82,3,3,3,12711,1,0,21,3,4,1,18,3,18,0,1
53,754,4,1,4,32,1,2,1,6950,7,1,13,3,3,1,9,1,13,0,1
22,481,25,2,1,51,1,1,1,2561,8,1,13,3,1,0,2,1,2,1,1
39,409,24,2,3,35,2,1,3,11069,2,0,13,3,1,2,22,2,17,1,1
37,981,2,3,3,76,3,4,4,12089,2,0,16,3,3,1,8,3,9,0,1
26,501,27,1,1,35,1,1,1,1773,6,1,11,3,1,0,2,1,2,1,1
40,396,25,3,2,46,2,3,4,5625,1,0,24,3,4,1,18,3,1,1,1
42,1009,1,4,4,83,3,4,3,11502,5,0,12,3,1,1,23,3,9,1,1
32,717,21,2,1,48,3,4,2,11338,3,1,21,3,1,2,20,2,1,1,1
31,265,22,1,1,35,1,1,1,2002,6,1,12,3,1,0,4,1,1,1,1
24,844,10,2,4,87,1,1,1,6250,4,0,20,3,4,0,7,1,8,1,1
42,1358,7,3,3,56,1,4,3,7337,6,0,12,3,2,1,9,2,17,0,1
35,1013,29,4,1,45,2,1,4,9152,5,1,12,3,2,2,23,3,23,1,1
34,698,26,3,3,84,1,4,3,10603,4,1,16,3,3,0,25,1,16,0,1
50,1342,20,1,3,34,3,1,2,5741,0,1,11,3,1,1,7,1,4,1,1
29,879,1,1,1,34,1,4,1,2270,6,0,19,3,2,2,18,1,6,1,1
30,209,29,2,2,76,2,1,2,9632,5,1,19,3,2,1,0,2,23,0,1
29,515,15,2,1,46,1,1,1,2368,4,1,11,3,1,0,1,1,2,1,1
40,1123,2,4,4,76,3,3,4,6315,2,0,21,3,4,2,21,3,13,0,1
35,928,3,3,3,99,3,4,3,5064,1,0,21,3,3,1,8,3,10,0,1
25,414,21,2,1,54,1,1,1,1395,4,1,11,3,1,0,3,1,1,1,1
25,292,26,1,1,30,1,1,1,2033,5,1,13,3,1,0,2,1,0,1,1
38,894,4,3,3,65,3,3,3,7118,2,0,23,3,3,2,23,3,7,0,1
32,1347,4,4,4,98,3,3,4,11301,2,0,17,3,3,1,17,3,14,0,1
53,945,10,3,4,44,1,3,2,4954,2,1,18,3,1,2,15,2,14,0,1
48,1307,9,4,4,34,1,2,4,6909,6,1,24,3,2,1,4,3,4,0,1
31,204,21,1,1,47,1,1,1,2560,8,1,12,3,1,0,2,1,2,1,1
33,1119,2,3,4,82,3,3,4,10852,1,0,15,3,4,1,19,3,5,0,1
22,262,22,1,1,31,1,1,1,1422,6,1,13,3,1,0,1,1,0,1,1
28,410,15,1,1,47,1,1,1,1503,4,1,13,3,1,0,4,1,0,1,1
38,1041,3,3,3,78,3,3,3,10161,2,0,21,3,3,2,9,3,7,0,1
31,304,22,2,1,40,1,1,1,1616,7,1,13,3,1,0,1,1,2,1,1
30,904,1,3,3,99,3,4,3,13964,1,0,17,3,3,2,24,3,13,0,1
27,1064,21,4,3,68,2,2,1,3446,5,1,18,3,4,0,27,1,0,1,1
29,1288,26,3,3,78,1,2,4,3758,7,0,15,3,3,1,1,1,16,0,1
36,1114,19,2,1,48,3,3,1,11419,2,0,22,3,4,1,11,2,16,0,1
31,848,2,3,3,88,3,2,3,8032,2,0,20,3,3,2,12,3,16,0,1
32,287,7,2,1,49,1,2,1,3478,3,1,22,3,4,1,29,2,4,1,1
33,1008,3,4,3,85,3,2,3,7827,1,0,21,3,4,2,9,3,8,0,1
43,807,27,4,4,44,2,2,2,2154,4,0,18,3,3,1,2,2,6,1,1
22,922,7,4,4,54,2,3,1,7940,1,0,13,3,2,0,8,3,14,1,1
23,430,20,2,1,45,1,1,1,1129,7,1,13,3,1,0,4,1,1,1,1
24,225,23,1,1,34,1,1,1,1641,6,1,12,3,1,0,2,1,1,1,1
49,1208,4,3,3,73,3,4,4,5426,1,0,21,3,4,2,12,3,19,0,1
37,1150,15,3,1,67,1,2,3,8593,7,0,24,3,1,0,26,1,6,0,1
26,535,16,1,1,52,1,1,1,1694,7,1,11,3,1,0,2,1,0,1,1
40,962,5,4,3,47,3,3,2,3964,6,0,14,3,1,0,12,2,15,1,1
42,1044,4,3,3,74,3,2,3,6156,2,0,20,3,4,2,13,3,18,0,1
26,224,27,2,1,49,1,1,1,1758,7,1,11,3,1,0,1,1,2,1,1
49,825,2,4,3,96,3,2,3,5522,1,0,17,3,4,2,8,3,7,0,1
35,485,26,2,1,44,2,2,2,2466,0,1,18,3,3,2,28,1,10,0,1
48,1364,3,3,4,68,3,4,4,10855,2,0,20,3,3,1,12,3,12,0,1
24,607,13,3,1,80,2,3,1,7590,1,1,12,3,1,2,15,2,15,1,1
54,703,19,4,3,33,2,1,4,10010,0,0,11,3,4,1,21,3,10,0,1
37,1397,1,4,4,88,3,3,3,9116,1,0,22,3,3,2,19,3,10,0,1
41,383,3,4,2,65,2,3,1,4221,0,0,19,3,1,1,18,2,10,1,1
33,1098,4,3,4,69,3,4,3,7780,2,0,21,3,3,1,16,3,14,0,1
25,807,29,2,1,50,2,2,1,6567,7,1,22,3,1,2,23,1,0,1,1
24,595,17,1,1,42,1,1,1,1734,5,1,13,3,1,0,4,1,1,1,1
28,591,27,2,1,40,1,1,1,1924,7,1,12,3,1,0,1,1,2,1,1
38,1254,21,2,4,67,1,1,4,6885,1,1,13,3,2,1,7,1,20,1,1
32,1359,3,3,3,65,3,4,3,8861,2,0,20,3,3,2,22,3,16,0,1
43,1201,6,4,1,38,2,4,1,8101,3,1,20,3,4,2,18,1,15,0,1
54,273,18,3,2,72,2,3,4,11970,5,0,24,3,3,1,14,3,9,1,1
48,1084,1,4,3,85,3,2,3,10672,1,0,18,3,4,2,16,3,13,0,1
24,889,17,4,2,95,3,4,3,12734,6,1,19,3,3,1,27,3,1,0,1
26,434,27,4,3,35,2,1,1,10785,0,0,24,3,2,1,7,2,6,1,1
44,1016,3,3,4,94,3,4,3,8299,1,0,19,3,4,2,15,3,6,0,1
25,364,27,1,1,50,1,1,1,2247,7,1,13,3,1,0,4,1,0,1,1
23,270,15,1,1,32,1,1,1,2308,6,1,11,3,1,0,2,1,1,1,1
34,1175,2,4,3,80,3,4,4,10012,1,0,15,3,3,1,21,3,15,0,1
23,461,27,1,1,35,1,1,1,2652,8,1,13,3,1,0,1,1,0,1,1
22,596,11,3,3,32,2,1,1,9167,0,0,24,3,1,1,23,2,22,0,1
35,922,2,3,4,99,3,2,4,6566,2,0,15,3,3,1,10,3,8,0,1
43,1006,4,3,4,69,3,3,4,14238,2,0,15,3,4,2,19,3,13,0,1
43,505,20,2,4,92,2,3,4,11860,2,1,23,3,3,2,27,3,13,1,1
31,1272,15,3,1,97,3,3,4,14383,0,0,11,3,3,0,17,2,0,0,1
22,458,25,1,1,35,1,1,1,1990,6,1,12,3,1,0,3,1,0,1,1
48,1274,4,4,4,67,3,2,3,13066,1,0,21,3,3,2,16,3,13,0,1
31,499,25,1,1,50,1,1,1,2472,7,1,11,3,1,0,3,1,1,1,1
33,1127,2,4,3,74,3,2,4,13464,2,0,24,3,3,1,9,3,12,0,1
46,906,1,4,4,87,3,3,4,11387,2,0,15,3,4,1,22,3,8,0,1
34,1326,3,4,3,69,3,2,4,10926,1,0,23,3,4,2,15,3,10,0,1
30,337,24,1,1,32,1,1,1,2242,7,1,13,3,1,0,3,1,2,1,1
44,1020,3,3,4,64,3,3,3,9545,2,0,21,3,4,2,21,3,7,0,1
44,823,1,3,4,90,3,3,3,14557,2,0,19,3,4,2,17,3,12,0,1
30,246,26,1,1,54,1,1,1,2125,7,1,13,3,1,0,4,1,0,1,1
34,834,13,4,2,50,1,3,3,12353,7,0,20,3,3,1,8,3,15,0,1
34,945,4,4,4,82,3,3,3,14218,2,0,21,3,3,1,8,3,13,0,1
35,419,21,1,4,35,2,1,1,3808,3,0,11,3,2,2,1,3,19,0,1
37,1181,1,3,4,82,3,3,3,9174,2,0,17,3,4,2,21,3,7,0,1
22,233,19,4,2,33,1,2,4,3184,6,1,12,3,3,1,23,2,21,1,1
46,945,16,4,1,44,1,3,4,12037,4,0,19,3,2,2,6,2,19,1,1
52,306,7,2,4,40,2,3,4,10297,1,0,11,3,3,1,20,1,5,0,1
36,1154,4,3,4,77,3,4,3,9355,1,0,18,3,3,2,15,3,12,0,1
22,470,23,2,1,35,1,1,1,2193,8,1,12,3,1,0,1,1,2,1,1
24,1149,22,2,3,89,3,3,4,7932,8,1,20,3,3,0,3,1,20,1,1
27,370,28,4,1,50,1,4,1,2264,7,1,22,3,2,0,14,2,1,1,1
29,915,26,3,2,44,2,4,1,3810,2,1,23,3,4,1,5,1,22,1,1
25,404,25,2,1,32,1,1,1,2196,8,1,12,3,1,0,1,1,0,1,1
32,1379,2,4,4,74,3,2,4,8900,2,0,15,3,3,2,10,3,7,0,1
34,568,1,2,1,32,2,4,1,2455,3,0,24,3,4,1,7,3,2,0,1
23,1046,9,3,1,81,2,3,2,6271,6,1,17,3,1,1,25,2,1,1,1
22,445,18,2,1,52,1,1,1,2004,6,1,13,3,1,0,1,1,2,1,1
27,398,28,1,1,44,1,1,1,2971,5,1,12,3,1,0,1,1,2,1,1
45,1174,3,4,4,46,3,2,2,4569,5,1,16,3,4,2,3,1,15,1,1
28,1025,17,1,4,55,2,3,2,10819,1,1,17,3,3,0,18,1,23,0,1
34,962,3,3,3,64,3,3,4,13509,2,0,23,3,3,2,20,3,17,0,1
27,285,15,1,1,35,1,1,1,1653,6,1,13,3,1,0,1,1,1,1,1
41,924,2,3,3,75,3,4,4,7690,1,0,19,3,3,1,24,3,8,0,1
22,1206,7,3,4,59,3,3,2,4852,3,1,21,3,1,0,8,2,5,1,1
25,496,17,2,1,31,1,1,1,1782,4,1,11,3,1,0,4,1,1,1,1
31,912,28,4,3,97,3,2,4,11129,6,1,16,3,1,1,9,2,8,0,1
45,1368,29,4,2,78,1,1,3,14613,0,1,18,3,1,2,6,2,15,1,1
48,590,20,4,4,67,2,4,3,4803,6,1,12,3,4,2,19,1,7,1,1
29,425,23,2,1,35,1,1,1,2794,6,1,13,3,1,0,3,1,0,1,1
51,1219,18,4,4,76,3,2,3,6578,1,1,22,3,1,1,28,2,20,0,1
25,588,18,2,1,42,1,1,1,2037,8,1,13,3,1,0,3,1,0,1,1
47,850,4,3,4,85,3,3,4,12548,2,0,15,3,3,1,23,3,14,0,1
35,1397,1,3,4,63,3,3,4,10091,1,0,19,3,4,1,11,3,5,0,1
23,1360,23,1,1,47,1,2,1,14258,8,1,23,3,2,1,2,2,2,0,1
23,559,20,2,1,44,1,1,1,1300,6,1,12,3,1,0,1,1,0,1,1
31,276,22,2,1,38,1,1,1,2705,8,1,12,3,1,0,3,1,0,1,1
38,807,4,4,4,62,3,2,3,11497,2,0,15,3,4,2,21,3,18,0,1
26,507,15,1,1,44,1,1,1,1120,7,1,11,3,1,0,3,1,1,1,1
53,1337,27,2,1,74,2,2,4,5675,7,0,16,3,2,0,22,1,3,1,1
47,976,4,4,3,76,3,4,4,6372,1,0,19,3,3,2,9,3,6,0,1
31,962,12,1,3,42,2,3,4,6364,1,1,17,3,3,1,0,1,11,0,1
38,249,8,3,1,39,3,3,3,9219,3,1,17,3,1,1,11,1,1,0,1
54,1091,21,2,2,65,1,1,1,7452,5,0,12,3,1,0,26,3,4,1,1
26,374,27,2,1,34,1,1,1,2089,6,1,13,3,1,0,3,1,1,1,1
34,435,2,2,3,75,1,2,2,8911,8,0,23,3,4,0,20,2,13,0,1
29,569,20,2,1,38,1,1,1,1684,6,1,12,3,1,0,2,1,0,1,1
27,1157,8,4,3,47,2,3,2,4481,4,1,17,3,4,2,10,1,14,1,1
32,871,8,4,1,69,3,3,1,14181,2,0,24,3,1,2,23,1,17,1,1
25,416,16,2,1,43,1,1,1,2866,8,1,13,3,1,0,4,1,0,1,1
29,264,27,1,1,54,1,1,1,2179,7,1,12,3,1,0,2,1,1,1,1
29,1178,18,2,2,96,1,4,2,10470,2,1,13,3,1,2,13,1,17,0,1
28,592,4,1,1,35,2,4,1,12150,2,1,18,3,3,0,7,3,3,1,1
31,1053,3,4,4,98,3,3,4,13722,1,0,18,3,3,1,9,3,12,0,1
47,1251,4,3,4,80,2,2,4,3569,8,0,14,3,3,1,3,3,18,1,1
46,939,25,4,3,71,1,3,2,4460,0,1,21,3,3,0,21,3,17,1,1
23,407,16,1,1,30,1,1,1,2720,5,1,13,3,1,0,4,1,0,1,1
30,818,2,3,4,96,3,2,4,13273,1,0,20,3,3,1,12,3,16,0,1
49,1379,24,2,4,54,1,2,2,1116,6,0,11,3,2,2,23,2,10,1,1
48,1302,3,3,3,75,3,4,4,13826,2,0,22,3,3,2,13,3,8,0,1
44,1281,4,4,4,77,3,3,3,10416,1,0,21,3,4,2,10,3,18,0,1
52,1054,1,1,4,35,3,3,4,10308,2,0,16,3,1,0,5,1,18,0,1
52,476,3,2,2,64,1,3,4,6303,2,0,12,3,1,0,11,1,19,1,1
25,432,15,1,1,39,1,1,1,1959,7,1,12,3,1,0,2,1,2,1,1
47,799,24,4,4,76,2,1,3,1862,7,1,14,3,1,2,15,2,10,1,1
40,1292,3,4,4,74,3,4,4,8323,2,0,16,3,4,2,9,3,5,0,1
49,759,5,2,1,77,1,4,4,12255,6,0,21,3,3,0,21,1,3,1,1
39,986,4,4,4,82,3,2,3,6892,2,0,19,3,4,1,14,3,13,0,1
46,1297,4,4,4,85,3,3,4,14708,2,0,23,3,3,2,9,3,15,0,1
40,494,18,1,1,79,3,2,4,11327,7,1,19,3,1,0,29,3,13,1,1
52,581,17,1,3,66,3,3,4,5074,4,1,11,3,3,2,5,3,7,0,1
28,413,23,1,1,37,1,1,1,1157,6,1,12,3,1,0,3,1,1,1,1
30,858,2,4,4,77,3,4,4,6375,2,0,15,3,4,1,23,3,17,0,1
33,1279,3,3,4,73,3,2,4,14432,1,0,17,3,4,1,24,3,18,0,1
33,1002,3,3,4,83,3,3,3,5929,1,0,19,3,3,1,14,3,11,0,1
25,391,27,2,1,40,1,1,1,1097,5,1,13,3,1,0,2,1,0,1,1
31,294,16,2,1,30,1,1,1,1818,5,1,13,3,1,0,3,1,0,1,1
38,544,24,2,2,60,1,4,4,1413,4,1,17,3,1,0,16,2,9,0,1
48,1240,8,4,4,80,1,2,3,11722,5,1,18,3,2,1,17,2,15,0,1
34,1210,1,3,3,69,3,4,4,6688,2,0,23,3,4,1,23,3,19,0,1
35,649,2,3,1,54,2,3,3,12531,8,1,24,3,1,0,15,3,5,1,1
24,265,17,2,1,38,1,1,1,1399,5,1,12,3,1,0,3,1,0,1,1
53,613,4,1,4,58,1,4,3,1449,2,1,22,3,3,1,0,3,8,0,1
22,1009,23,4,3,61,3,4,1,12266,2,0,11,3,2,2,18,3,4,1,1
45,847,3,3,3,66,3,2,3,6354,2,0,23,3,3,1,16,3,5,0,1
37,1345,2,4,3,78,3,4,3,12870,1,0,22,3,4,2,15,3,17,0,1
33,1351,27,1,2,44,1,1,2,12301,4,1,11,3,3,1,10,2,2,1,1
35,1214,3,4,3,76,3,3,3,10577,2,0,24,3,3,1,23,3,8,0,1
54,714,23,3,4,87,2,3,1,13715,1,0,18,3,1,0,27,2,7,0,1
40,623,2,3,1,91,3,2,1,8935,3,0,13,3,1,0,5,1,20,0,1
52,951,22,3,2,44,2,1,2,5581,4,1,15,3,4,2,5,2,22,1,1
31,902,2,3,4,84,3,2,4,11732,1,0,19,3,3,2,18,3,5,0,1
34,1073,2,3,4,66,3,3,3,11515,1,0,17,3,3,2,8,3,9,0,1
29,616,9,3,1,70,1,1,2,13320,3,0,20,3,4,0,9,3,18,1,1
26,419,3,3,2,63,3,4,2,5328,2,1,20,3,2,2,0,1,10,1,1
39,1015,1,4,4,91,3,4,4,10080,1,0,17,3,3,1,15,3,18,0,1
34,803,6,3,3,96,1,2,2,12608,7,1,16,3,2,2,2,3,17,0,1
30,1261,3,4,3,90,3,2,3,14931,1,0,16,3,3,1,22,3,14,0,1
27,496,24,1,1,38,1,1,1,1790,6,1,13,3,1,0,3,1,1,1,1
43,868,1,3,3,97,3,3,3,12597,1,0,17,3,4,1,17,3,7,0,1
24,369,28,2,1,54,1,1,1,2263,4,1,12,3,1,0,1,1,0,1,1
31,489,19,1,1,54,1,1,1,1937,8,1,12,3,1,0,1,1,1,1,1
32,1315,1,4,4,82,3,2,4,9231,1,0,19,3,4,1,8,3,5,0,1
34,1326,1,4,3,76,3,3,3,7677,2,0,16,3,4,1,14,3,12,0,1
45,648,22,4,4,82,3,2,3,1148,7,1,11,3,3,0,2,3,17,1,1
22,223,22,1,1,48,1,1,1,1221,5,1,12,3,1,0,4,1,1,1,1
25,600,1,1,4,79,3,4,4,4563,2,0,22,3,1,0,8,2,13,0,1
25,589,23,1,2,32,2,3,3,5365,4,1,21,3,4,0,3,2,5,0,1
42,1301,2,3,3,97,3,3,3,14514,1,0,17,3,3,1,22,3,8,0,1
47,288,17,3,1,33,2,1,2,7096,0,1,12,3,2,0,29,2,15,1,1
33,1282,2,4,4,65,3,3,3,9901,2,0,17,3,3,1,22,3,14,0,1
29,486,17,1,1,48,1,1,1,2943,5,1,11,3,1,0,3,1,1,1,1
40,553,10,3,3,92,1,2,3,8312,1,0,12,3,3,0,10,1,9,0,1
34,855,3,4,4,90,3,4,4,11891,2,0,23,3,4,1,14,3,13,0,1
25,1361,7,3,4,64,3,4,1,13563,0,1,21,3,3,0,25,2,3,0,1
33,1067,14,1,2,74,1,4,3,5624,5,0,20,3,2,1,3,3,13,0,1
39,1074,28,2,1,73,3,2,3,6994,5,1,13,3,3,0,10,1,23,0,1
22,254,17,2,1,36,1,1,1,2720,6,1,13,3,1,0,2,1,1,1,1
43,429,24,3,1,70,3,3,1,12445,8,0,20,3,4,1,26,2,12,0,1
36,375,6,4,1,64,3,4,2,7732,2,1,17,3,2,0,11,2,2,0,1
29,403,17,1,1,37,1,1,1,2867,7,1,12,3,1,0,4,1,1,1,1
42,1208,3,4,3,70,3,3,4,5303,1,0,21,3,3,1,14,3,15,0,1
22,353,23,2,1,51,1,1,1,1396,8,1,13,3,1,0,1,1,0,1,1
35,1078,11,4,2,70,1,4,4,6234,6,0,19,3,1,1,1,3,14,0,1
30,1203,3,3,2,76,3,3,2,14197,2,1,20,3,1,0,2,1,17,1,1
48,1368,2,4,4,61,3,4,3,7988,2,0,22,3,3,2,17,3,11,0,1
41,1284,1,4,4,89,3,4,3,10565,2,0,17,3,4,2,17,3,12,0,1
25,373,19,2,1,33,1,1,1,2606,6,1,12,3,1,0,2,1,0,1,1
29,351,20,1,1,47,1,1,1,1084,7,1,13,3,1,0,3,1,0,1,1
24,717,14,3,2,62,2,4,2,2742,3,0,21,3,3,0,3,2,19,1,1
25,343,29,2,1,36,1,1,1,2198,6,1,13,3,1,0,4,1,0,1,1
23,467,26,1,1,48,1,1,1,1446,4,1,13,3,1,0,1,1,1,1,1
48,1215,3,3,3,91,3,3,3,13287,1,0,22,3,3,1,13,3,18,0,1
23,378,25,1,1,49,1,1,1,1548,4,1,12,3,1,0,1,1,2,1,1
28,1356,15,2,4,77,1,3,3,3248,0,1,19,3,3,1,7,3,19,1,1
28,308,3,4,4,69,1,4,4,5390,3,0,22,3,1,0,29,1,1,1,1
40,1300,3,4,4,84,3,4,4,5237,2,0,23,3,4,1,23,3,9,0,1
47,428,22,3,2,36,1,1,2,3574,4,0,23,3,4,0,18,2,11,1,1
45,1377,2,3,4,98,3,4,4,8176,2,0,17,3,3,1,18,3,13,0,1
34,683,10,1,2,96,2,4,4,4346,0,0,11,3,2,2,22,3,11,0,1
26,592,18,2,1,47,1,1,1,2916,5,1,11,3,1,0,3,1,1,1,1
45,932,3,3,3,96,3,4,4,8093,2,0,23,3,3,1,17,3,16,0,1
24,1385,13,2,2,44,1,3,4,10055,4,1,11,3,2,1,14,3,2,0,1
26,512,15,1,1,43,1,1,1,1548,8,1,12,3,1,0,4,1,1,1,1
48,1192,1,3,3,85,3,4,4,7531,2,0,21,3,4,2,8,3,7,0,1
26,207,15,2,1,36,1,1,1,2542,6,1,11,3,1,0,3,1,2,1,1
32,752,18,4,2,97,2,4,1,6442,7,0,14,3,1,1,21,1,10,1,1
42,1173,4,3,3,72,3,3,3,13842,1,0,18,3,3,1,24,3,18,0,1
22,530,27,1,1,31,1,1,1,2672,8,1,11,3,1,0,2,1,0,1,1
28,853,16,3,2,63,3,1,4,2069,5,1,18,3,3,0,1,1,8,0,1
31,243,22,2,4,35,1,4,1,12255,8,1,24,3,4,1,17,3,6,0,1
27,1077,16,4,4,97,1,2,3,3523,5,0,18,3,3,0,12,3,17,1,1
28,441,19,2,1,33,1,1,1,1528,6,1,12,3,1,0,2,1,0,1,1
25,850,13,4,2,40,3,3,4,12731,1,0,15,3,1,0,23,2,7,0,1
30,407,23,1,1,46,1,1,1,2594,5,1,12,3,1,0,3,1,1,1,1
48,1217,12,1,4,91,1,1,3,9251,2,0,12,3,1,1,8,1,7,0,1
35,1014,4,3,3,71,3,2,3,10873,2,0,15,3,4,1,9,3,7,0,1
31,399,21,1,3,42,2,3,1,5511,8,1,17,3,4,0,4,2,15,0,1
36,959,12,2,1,94,3,4,4,11220,6,1,20,3,2,2,0,2,18,0,1
39,1339,4,4,3,60,3,4,4,13108,2,0,16,3,4,2,8,3,11,0,1
31,561,15,1,1,53,1,1,1,2737,6,1,12,3,1,0,4,1,2,1,1
40,261,7,4,3,92,3,1,4,6709,3,0,17,3,2,1,7,2,11,1,1
30,301,5,1,1,86,2,4,1,11649,2,1,24,3,3,0,12,3,7,0,1
45,501,29,4,1,61,3,2,4,12012,1,1,19,3,1,0,19,2,24,1,1
32,1169,1,4,4,88,3,2,4,14796,2,0,21,3,4,2,13,3,18,0,1
30,436,19,2,1,39,1,1,1,1131,7,1,13,3,1,0,4,1,2,1,1
28,474,29,2,1,37,1,1,1,1743,6,1,11,3,1,0,2,1,0,1,1
36,525,29,4,2,52,1,3,1,5536,5,0,14,3,2,0,18,3,2,0,1
52,1076,2,2,4,43,1,2,3,6318,8,1,19,3,4,1,16,3,19,1,1
24,1388,1,1,4,64,2,1,4,14141,0,1,21,3,1,0,26,1,12,1,1
44,1394,23,4,1,72,1,3,4,5630,6,0,19,3,1,1,18,1,15,1,1
42,1280,2,3,3,91,3,2,4,14231,2,0,18,3,4,2,18,3,7,0,1
37,966,4,4,4,75,3,3,3,7203,2,0,23,3,4,2,23,3,9,0,1
25,261,18,2,1,53,1,1,1,1375,5,1,12,3,1,0,4,1,0,1,1
23,508,23,3,3,49,2,2,3,9542,2,0,12,3,4,2,23,3,16,1,1
45,932,2,3,4,75,3,2,3,10882,1,0,23,3,3,2,16,3,12,0,1
27,204,15,1,1,43,1,1,1,1230,4,1,13,3,1,0,1,1,2,1,1
26,548,24,2,1,32,1,1,1,1747,5,1,11,3,1,0,3,1,1,1,1
37,820,2,3,4,98,3,2,4,8603,2,0,24,3,4,2,8,3,12,0,1
26,459,18,1,1,44,1,1,1,2527,5,1,13,3,1,0,2,1,2,1,1
32,831,1,4,3,92,3,4,4,10519,2,0,24,3,4,2,20,3,17,0,1
33,1027,28,1,2,30,3,3,4,8201,1,1,11,3,4,1,29,1,19,1,1
28,526,16,1,1,52,1,1,1,2441,7,1,13,3,1,0,1,1,0,1,1
41,516,25,1,4,66,3,4,3,14901,3,0,23,3,2,1,21,2,15,0,1
43,1389,2,4,3,62,3,3,4,10714,2,0,18,3,3,1,22,3,5,0,1
37,1243,1,1,1,98,2,3,1,14803,3,1,19,3,4,2,20,3,20,1,1
52,794,6,2,4,79,3,3,4,8591,8,0,15,3,2,2,2,1,0,0,1
41,904,7,3,1,37,2,2,4,10569,4,0,16,3,1,2,29,3,21,0,1
51,1170,4,1,3,61,3,1,4,4846,7,0,19,3,1,2,7,3,0,1,1
48,490,10,4,2,83,2,4,3,10115,5,0,23,3,4,1,10,3,13,1,1
24,413,23,1,1,34,1,1,1,2456,4,1,13,3,1,0,3,1,2,1,1
25,319,15,2,1,46,1,1,1,2098,4,1,13,3,1,0,1,1,0,1,1
50,614,1,2,2,35,1,3,2,5829,3,1,20,3,3,0,8,1,10,0,1
31,1325,8,1,4,62,1,3,3,14057,6,0,13,3,1,1,28,3,21,0,1
23,574,6,3,4,50,3,2,3,11503,1,1,21,3,4,2,6,2,0,1,1
48,1399,1,3,4,77,3,3,4,12712,2,0,23,3,3,1,8,3,11,0,1
44,755,16,2,3,39,2,3,4,2057,7,1,19,3,1,0,24,2,7,1,1
25,523,18,2,1,32,1,1,1,1913,5,1,13,3,1,0,3,1,1,1,1
26,260,22,1,1,41,1,1,1,2023,8,1,13,3,1,0,4,1,1,1,1
28,500,23,1,1,52,1,1,1,2676,5,1,13,3,1,0,1,1,1,1,1
33,912,2,3,4,93,3,2,3,14067,2,0,16,3,4,1,12,3,14,0,1
38,1181,1,3,4,97,3,4,4,6517,2,0,15,3,4,2,17,3,7,0,1
30,999,4,3,3,67,3,3,4,10857,2,0,17,3,4,1,20,3,10,0,1
40,1305,2,3,4,93,3,2,4,5845,1,0,22,3,4,1,12,3,16,0,1
39,368,15,2,1,70,3,2,1,8952,0,0,23,3,1,1,12,3,7,1,1
23,244,16,1,1,42,1,1,1,1402,8,1,13,3,1,0,4,1,2,1,1
52,363,4,4,3,92,3,2,3,12961,4,0,17,3,4,0,12,3,6,1,1
22,265,21,1,1,47,1,1,1,1614,4,1,13,3,1,0,3,1,2,1,1
40,910,1,3,3,62,3,3,4,12039,1,0,18,3,3,2,15,3,10,0,1
52,996,27,4,1,96,1,1,4,2756,3,0,11,3,1,1,20,2,15,1,1
25,465,24,2,1,41,1,1,1,1061,4,1,13,3,1,0,1,1,2,1,1
25,575,28,2,1,45,1,1,1,1540,6,1,13,3,1,0,3,1,2,1,1
41,207,26,3,2,99,3,4,1,9876,2,1,16,3,3,0,14,3,13,0,1
49,920,2,4,3,75,3,4,4,7774,1,0,15,3,3,1,21,3,6,0,1
36,633,9,2,3,76,1,2,4,9787,4,1,19,3,4,0,29,2,21,0,1
48,1157,2,4,3,81,3,4,3,9193,1,0,22,3,4,1,11,3,11,0,1
31,1276,3,3,3,92,3,3,4,6980,2,0,15,3,3,2,16,3,12,0,1
27,203,15,1,1,39,1,1,1,2598,7,1,11,3,1,0,4,1,1,1,1
48,599,4,1,1,94,1,1,4,7084,3,0,12,3,2,1,1,1,0,1,1
40,1264,4,3,4,84,3,2,4,6943,1,0,23,3,4,1,24,3,8,0,1
25,422,17,2,1,46,1,1,1,1133,7,1,13,3,1,0,2,1,0,1,1
23,390,16,1,1,46,1,1,1,1948,4,1,13,3,1,0,1,1,1,1,1
30,1111,25,4,3,84,2,2,3,5566,3,0,20,3,2,0,23,3,6,0,1
40,265,15,1,2,67,2,1,2,8595,7,1,24,3,2,1,0,3,22,1,1
36,1003,25,3,2,30,3,2,1,5129,5,0,24,3,3,0,7,1,2,1,1
51,1046,21,3,4,86,1,2,3,12236,1,0,14,3,4,2,8,1,24,0,1
32,578,17,3,1,51,1,1,1,14776,7,0,15,3,4,1,17,3,19,0,1
39,895,1,3,3,81,3,4,3,12490,1,0,16,3,3,2,17,3,11,0,1
54,385,7,3,2,40,2,3,2,8654,6,0,20,3,1,2,29,2,7,1,1
36,1229,25,2,2,47,2,3,1,2329,6,1,22,3,2,2,11,2,15,1,1
24,429,23,1,1,50,1,4,1,2274,2,1,19,3,2,1,13,2,11,1,1
50,1290,10,4,2,56,2,4,1,7329,5,0,16,3,3,2,17,1,7,0,1
33,903,3,4,3,72,3,3,3,9958,2,0,15,3,3,2,12,3,8,0,1
52,273,22,1,2,80,2,4,4,10530,8,1,12,3,4,0,17,1,22,0,1
37,905,3,3,4,67,3,4,3,11600,1,0,23,3,3,1,19,3,18,0,1
29,438,29,1,1,42,1,1,1,2332,8,1,13,3,1,0,3,1,0,1,1
48,866,2,4,4,88,3,3,4,6584,1,0,23,3,4,2,22,3,13,0,1
46,965,4,4,4,84,3,4,4,5892,2,0,23,3,3,2,15,3,7,0,1
43,944,4,3,4,74,3,4,4,5085,2,0,21,3,4,2,16,3,8,0,1
31,1247,2,4,4,64,3,4,4,14261,2,0,18,3,4,1,10,3,5,0,1
30,1245,2,4,4,87,2,3,1,10696,2,0,11,3,2,0,27,3,16,1,1
28,243,13,1,4,35,2,1,3,10389,8,1,22,3,2,1,3,3,24,0,1
35,950,3,4,3,62,3,4,3,8233,2,0,15,3,4,2,16,3,16,0,1
48,857,10,1,2,62,1,2,1,3380,5,0,14,3,1,0,1,1,9,0,1
23,1109,25,3,1,70,2,3,4,13010,8,0,12,3,4,2,1,2,18,1,1
45,940,4,4,4,67,3,3,3,9568,1,0,21,3,4,1,13,3,13,0,1
39,760,12,3,3,34,3,2,2,1178,8,1,22,3,4,1,17,3,20,0,1
25,468,25,2,1,42,1,1,1,2938,7,1,12,3,1,0,4,1,0,1,1
30,253,19,1,1,34,1,1,1,2012,7,1,12,3,1,0,3,1,1,1,1
28,483,18,1,1,47,1,1,1,2982,8,1,11,3,1,0,3,1,2,1,1
39,410,21,4,1,94,1,1,4,11022,1,1,21,3,1,0,22,1,0,1,1
22,202,20,2,1,53,1,1,1,2809,4,1,13,3,1,0,2,1,1,1,1
28,433,19,4,3,38,2,2,1,5488,8,0,18,3,3,2,7,1,13,1,1
45,1175,19,3,3,40,2,2,4,2574,2,1,18,3,1,2,5,1,16,0,1
29,269,24,1,1,45,1,1,1,2306,5,1,13,3,1,0,2,1,2,1,1
48,1217,4,3,4,77,3,4,4,9357,1,0,20,3,3,1,15,3,9,0,1
44,1396,4,4,4,83,3,2,3,5531,2,0,24,3,4,1,17,3,18,0,1
43,1246,3,3,3,79,3,2,3,8310,2,0,22,3,4,2,17,3,6,0,1
28,546,24,1,1,47,1,1,1,2102,8,1,12,3,1,0,1,1,1,1,1
23,1140,14,2,2,44,2,3,1,13884,8,1,13,3,2,2,23,1,24,1,1
29,778,19,2,1,96,1,4,4,7922,2,1,17,3,2,0,29,2,23,0,1
35,1318,2,3,4,64,3,2,4,12315,2,0,21,3,4,1,8,3,13,0,1
45,330,26,4,4,51,2,4,1,13337,1,1,17,3,1,2,14,1,6,0,1
31,280,21,2,1,31,1,1,1,1990,4,1,12,3,1,0,3,1,0,1,1
32,1242,2,3,4,96,3,2,3,10961,1,0,20,3,4,2,18,3,6,0,1
41,811,3,4,3,81,3,4,4,14326,2,0,18,3,4,1,8,3,10,0,1
54,945,19,4,2,54,2,4,2,12707,5,0,15,3,4,2,3,2,23,1,1
27,1032,21,4,3,66,3,3,3,5314,0,0,17,3,1,2,26,3,19,1,1
45,574,9,3,3,39,1,1,4,11425,0,1,12,3,3,0,23,3,3,1,1
26,400,22,1,1,41,1,1,1,2501,6,1,11,3,1,0,2,1,2,1,1
35,239,16,1,4,33,2,4,4,4185,6,0,20,3,4,1,26,2,5,1,1
27,545,26,2,1,39,1,1,1,2167,7,1,12,3,1,0,4,1,0,1,1
41,1070,28,1,3,58,2,1,1,10052,1,0,24,3,1,0,4,3,18,1,1
26,1348,21,4,2,59,1,3,4,9041,1,1,18,3,2,1,28,1,16,1,1
30,1088,2,4,3,79,3,2,4,11018,2,0,21,3,3,2,11,3,5,0,1
45,1069,13,3,1,54,2,3,3,6272,3,1,20,3,3,0,8,1,0,1,1
25,304,16,1,1,45,1,1,1,1994,8,1,11,3,1,0,3,1,1,1,1
23,237,20,2,1,35,1,1,1,1165,7,1,11,3,1,0,2,1,0,1,1
33,1020,27,1,4,32,2,2,2,4879,1,1,12,3,4,0,25,1,14,1,1
51,604,12,1,4,31,3,4,3,6333,1,1,14,3,2,1,12,3,9,0,1
26,315,20,2,1,51,1,1,1,2055,4,1,12,3,1,0,1,1,0,1,1
46,860,1,4,3,81,3,4,3,10013,1,0,20,3,3,2,23,3,7,0,1
47,1277,4,4,4,91,3,4,3,8906,1,0,19,3,3,1,11,3,5,0,1
25,742,2,2,1,93,3,1,3,4649,5,1,14,3,2,0,18,2,24,1,1
27,245,15,2,1,54,1,1,1,2596,4,1,11,3,1,0,2,1,0,1,1
35,1377,4,4,4,99,3,3,3,7737,2,0,21,3,4,1,10,3,9,0,1
31,1038,4,3,4,83,3,2,4,11351,2,0,21,3,4,2,14,3,6,0,1
33,941,1,3,3,67,3,4,3,13714,2,0,21,3,4,2,21,3,14,0,1
37,409,1,4,1,30,3,1,1,12067,8,0,20,3,2,0,0,2,9,1,1
31,1153,2,3,3,71,3,3,3,13091,1,0,17,3,4,2,23,3,6,0,1
46,1074,21,2,4,38,2,3,2,11272,4,1,15,3,1,0,17,1,5,0,1
52,895,22,3,2,56,3,1,1,1794,3,0,17,3,4,0,14,2,7,0,1
37,1165,4,4,3,67,3,4,4,14449,1,0,17,3,4,2,11,3,13,0,1
25,564,19,1,1,52,1,1,1,2432,7,1,11,3,1,0,1,1,2,1,1
49,983,3,4,4,79,3,2,4,7028,2,0,16,3,3,2,24,3,12,0,1
48,550,11,2,3,43,3,1,2,7544,4,1,13,3,2,2,7,2,8,0,1
27,361,23,2,1,48,1,1,1,2205,5,1,11,3,1,0,2,1,2,1,1
24,460,20,1,1,52,1,1,1,2385,4,1,12,3,1,0,4,1,2,1,1
36,978,2,1,3,87,2,4,4,6884,4,0,18,3,1,1,25,1,8,1,1
28,311,18,2,1,46,1,1,1,2608,7,1,12,3,1,0,3,1,1,1,1
27,307,23,2,1,34,1,1,1,1628,6,1,12,3,1,0,4,1,1,1,1
30,1058,9,4,4,31,3,1,1,10216,0,1,21,3,3,0,6,2,14,1,1
47,1007,29,2,3,64,2,1,1,13411,8,1,18,3,3,1,22,2,8,0,1
27,416,24,2,1,46,2,2,2,8378,2,1,22,3,2,1,6,1,5,0,1
30,507,28,3,2,55,2,4,1,14170,1,0,19,3,1,0,4,1,7,1,1
25,214,15,1,1,42,1,1,1,1702,5,1,13,3,1,0,2,1,0,1,1
34,1393,1,4,4,66,3,2,3,13743,2,0,23,3,3,1,16,3,11,0,1
52,216,16,3,2,64,2,4,1,7322,7,0,20,3,2,1,1,1,18,0,1
27,577,22,1,1,40,1,1,1,2290,8,1,12,3,1,0,4,1,2,1,1
42,1214,5,2,2,69,1,2,1,2273,1,0,14,3,3,0,5,2,14,0,1
33,232,11,4,3,38,2,3,3,4293,1,0,14,3,3,2,8,1,2,0,1
28,414,24,1,1,54,1,1,1,2238,7,1,12,3,1,0,3,1,0,1,1
51,1183,21,2,3,79,3,3,4,14721,0,0,14,3,4,0,7,2,22,1,1
33,909,1,4,3,93,3,4,3,10529,1,0,18,3,4,1,16,3,19,0,1
23,855,16,1,4,94,3,4,4,9638,1,0,17,3,2,0,19,1,9,0,1
22,477,27,1,1,46,1,1,1,2355,7,1,12,3,1,0,4,1,1,1,1
28,643,17,2,4,78,3,2,2,6290,1,0,11,3,3,1,15,2,2,1,1
49,1234,2,3,4,85,3,2,4,5094,1,0,19,3,3,1,9,3,17,0,1
31,352,26,2,1,34,1,1,1,1570,5,1,12,3,1,0,4,1,2,1,1
30,401,27,2,3,71,3,2,1,6408,4,1,16,3,4,1,20,3,21,1,1
32,1210,8,1,2,51,1,2,1,8455,1,0,23,3,1,1,4,2,0,0,1
53,1136,15,3,3,35,1,1,4,3257,5,0,14,3,1,1,2,1,10,0,1
30,1228,15,2,1,74,1,4,1,11234,5,0,22,3,2,2,4,3,19,1,1
42,1198,4,4,4,71,3,4,4,13421,1,0,16,3,3,1,11,3,9,0,1
39,1328,2,4,4,69,3,3,3,11372,1,0,22,3,3,2,19,3,18,0,1
29,1068,8,4,3,77,3,2,4,14830,7,0,24,3,2,1,25,3,3,0,1
48,986,3,4,4,85,3,4,4,11026,2,0,18,3,4,2,23,3,15,0,1
33,1083,27,3,1,68,2,1,4,1606,8,0,20,3,1,2,20,1,7,1,1
23,422,25,2,1,49,1,1,1,2652,8,1,11,3,1,0,4,1,2,1,1
22,1203,18,3,4,47,3,3,4,2250,6,1,16,3,4,1,0,2,12,0,1
42,1354,4,3,4,71,3,4,3,9533,2,0,20,3,4,1,23,3,15,0,1
31,1048,19,2,2,73,3,3,2,6714,6,1,16,3,1,2,9,1,23,1,1
41,1063,29,2,1,34,2,1,2,14551,6,0,21,3,1,1,4,3,4,0,1
29,383,23,1,1,51,1,1,1,1353,6,1,11,3,1,0,3,1,1,1,1
22,1055,11,4,2,32,2,2,1,8583,5,0,24,3,2,1,8,3,24,1,1
26,496,21,1,1,43,1,1,1,2658,5,1,11,3,1,0,2,1,0,1,1
25,226,23,1,1,35,1,1,1,1848,8,1,13,3,1,0,4,1,0,1,1
48,1392,28,4,3,65,3,1,3,2532,8,0,20,3,1,2,22,3,5,1,1
32,1391,2,3,3,76,3,4,3,8530,2,0,21,3,4,2,8,3,5,0,1
33,1154,2,4,4,75,3,2,4,13345,1,0,18,3,3,1,20,3,11,0,1
24,239,28,2,1,38,1,1,1,2496,4,1,12,3,1,0,4,1,2,1,1
23,229,29,2,1,32,1,1,1,1828,7,1,12,3,1,0,1,1,0,1,1
44,888,4,3,4,81,3,3,3,11714,1,0,20,3,4,2,19,3,9,0,1
22,254,27,1,1,44,1,1,1,1076,6,1,11,3,1,0,2,1,1,1,1
33,842,1,4,3,62,3,3,4,12929,1,0,22,3,3,2,9,3,15,0,1
31,350,29,2,1,41,1,1,1,2407,6,1,11,3,1,0,2,1,1,1,1
33,222,6,2,2,45,2,4,2,10670,0,1,21,3,4,2,17,1,10,0,1
36,629,17,2,2,57,3,4,3,14717,5,0,18,3,2,2,21,1,13,0,1
38,930,1,3,4,78,3,2,4,11603,2,0,16,3,4,2,21,3,17,0,1
32,1203,2,4,2,48,3,4,2,5210,0,1,21,3,2,1,22,3,4,1,1
31,1067,2,3,4,79,3,2,4,6132,1,0,20,3,3,1,12,3,8,0,1
34,497,15,3,2,79,2,3,3,3026,3,0,16,3,3,0,10,2,15,1,1
38,1114,1,3,4,65,3,4,3,10710,1,0,21,3,4,1,9,3,19,0,1
53,1133,8,4,2,98,1,2,3,13328,1,1,23,3,2,1,0,1,17,0,1
25,818,3,1,2,57,2,3,3,2274,2,1,18,3,4,1,3,1,10,0,1
28,353,25,2,1,43,1,1,1,1301,8,1,11,3,1,0,2,1,2,1,1
33,1286,4,4,4,90,2,2,4,5637,6,1,17,3,3,1,8,2,17,0,1
38,515,9,1,4,57,1,3,3,12911,1,1,21,3,4,0,25,2,4,1,1
40,728,22,4,4,61,3,2,1,12701,4,1,22,3,4,1,1,1,15,1,1
39,851,3,4,4,74,3,3,3,11654,2,0,18,3,3,1,10,3,11,0,1
44,936,2,3,4,64,3,3,4,11669,2,0,21,3,3,2,15,3,12,0,1
22,426,15,1,1,53,1,1,1,1815,4,1,11,3,1,0,2,1,0,1,1
54,1368,27,3,2,99,3,1,2,5004,1,1,18,3,3,0,23,3,22,0,1
44,567,12,3,3,95,3,3,4,14211,8,1,11,3,3,2,11,3,6,0,1
24,823,5,4,2,55,3,4,2,9644,5,0,14,3,4,2,7,3,1,0,1
49,708,8,3,3,74,2,2,1,5272,5,0,23,3,3,2,28,1,23,0,1
45,1383,27,4,3,34,3,2,3,13399,6,0,12,3,4,0,9,2,11,1,1
32,1370,4,4,3,97,3,3,3,14416,2,0,20,3,3,1,9,3,12,0,1
31,329,19,2,1,34,1,1,1,1454,7,1,12,3,1,0,2,1,2,1,1
30,570,21,2,1,44,1,1,1,2887,4,1,11,3,1,0,1,1,2,1,1
28,939,21,2,4,41,3,3,1,2825,2,0,16,3,2,2,26,1,3,0,1
31,1278,2,4,4,53,2,4,4,3910,2,0,15,3,3,1,1,1,8,0,1
24,338,28,2,1,39,1,1,1,2491,7,1,12,3,1,0,2,1,0,1,1
49,609,6,3,1,74,3,1,3,9115,1,0,15,3,1,1,22,2,14,1,1
27,711,1,2,3,68,3,2,1,3849,8,1,14,3,3,0,13,3,24,0,1
31,1389,4,4,4,56,2,2,1,8660,1,1,14,3,2,1,0,2,20,1,1
31,833,7,4,2,54,3,1,3,4632,5,1,12,3,3,1,10,1,8,1,1
27,386,29,1,1,51,1,1,1,2731,6,1,11,3,1,0,1,1,0,1,1
29,229,14,4,1,81,1,2,1,6516,8,1,18,3,3,1,28,1,24,1,1
41,810,1,3,4,93,3,4,4,8718,1,0,23,3,3,1,19,3,9,0,1
41,229,9,2,1,77,2,4,1,11687,8,1,24,3,1,0,12,1,2,0,1
49,665,18,1,3,69,2,1,1,10138,1,1,11,3,1,0,27,3,15,1,1
51,634,20,4,2,43,2,4,2,14079,1,1,21,3,1,2,19,1,9,1,1
24,522,22,2,1,35,1,1,1,1947,4,1,12,3,1,0,2,1,2,1,1
40,1322,4,4,3,75,3,4,3,8415,2,0,21,3,3,2,22,3,9,0,1
43,1217,29,1,1,56,2,3,2,7375,5,1,22,3,4,2,20,3,16,0,1
27,485,20,1,1,49,1,1,1,1658,5,1,13,3,1,0,3,1,0,1,1
36,851,15,2,3,46,2,1,4,5745,2,1,24,3,2,0,23,2,1,1,1
28,526,27,2,1,72,3,3,2,13293,1,0,13,3,1,2,17,1,5,1,1
35,1109,3,4,4,94,3,4,4,5945,1,0,17,3,3,2,24,3,15,0,1
26,513,29,1,1,45,1,1,1,2413,5,1,12,3,1,0,1,1,2,1,1
34,1176,13,4,4,64,2,3,1,11749,4,0,11,3,4,1,0,1,13,0,1
36,850,3,3,4,85,3,4,4,14533,2,0,17,3,4,1,19,3,5,0,1
31,813,1,3,4,98,3,3,3,6982,1,0,16,3,3,1,15,3,17,0,1
36,1210,16,3,1,52,3,2,2,8760,8,1,24,3,3,1,2,2,18,0,1
24,288,2,3,3,67,2,4,3,11933,1,1,21,3,1,2,8,2,10,1,1
25,267,26,2,1,40,1,1,1,1177,8,1,13,3,1,0,3,1,2,1,1
49,1263,4,3,4,92,3,3,4,13998,1,0,21,3,3,1,17,3,13,0,1
29,275,28,1,1,49,1,1,1,1125,7,1,12,3,1,0,2,1,2,1,1
28,559,28,2,1,31,1,1,1,2933,5,1,12,3,1,0,2,1,1,1,1
26,870,5,4,3,71,1,2,1,3672,1,0,11,3,4,2,25,2,12,1,1
39,1258,2,3,4,96,3,4,4,13710,2,0,15,3,4,1,19,3,11,0,1
24,434,5,3,2,37,2,4,3,9325,0,1,11,3,4,2,17,2,11,1,1
26,343,22,2,1,35,1,1,1,1541,8,1,11,3,1,0,3,1,1,1,1
43,1204,3,4,3,71,3,2,4,11707,1,0,17,3,3,2,22,3,14,0,1
38,1236,6,2,1,77,3,1,1,3053,4,0,24,3,1,1,16,3,2,1,1
46,1027,2,3,4,60,3,3,3,6978,2,0,18,3,3,2,21,3,6,0,1
43,388,22,2,4,57,3,2,4,6573,8,1,12,3,3,0,16,3,19,1,1
22,464,25,2,1,31,1,1,1,1084,7,1,13,3,1,0,1,1,1,1,1
46,882,4,4,4,97,3,2,4,11614,2,0,16,3,4,1,17,3,19,0,1
32,1147,4,4,4,67,3,2,3,11106,1,0,23,3,4,2,23,3,9,0,1
25,273,16,2,1,48,1,1,1,1327,4,1,12,3,1,0,3,1,1,1,1
38,1052,4,3,4,78,3,4,3,8501,1,0,18,3,4,2,24,3,12,0,1
33,1054,24,4,2,93,3,2,3,4616,7,0,17,3,1,0,7,2,22,1,1
42,352,21,1,2,89,3,1,1,13271,8,1,14,3,3,2,10,1,5,0,1
36,1023,10,4,2,86,3,4,4,6378,1,0,24,3,4,0,20,2,14,0,1
41,413,2,2,1,32,2,4,4,3741,0,0,19,3,4,1,19,2,15,1,1
24,1238,6,3,3,52,3,3,2,14996,0,1,20,3,2,1,24,3,6,1,1
36,1235,8,4,1,63,2,4,4,10756,4,0,14,3,2,0,17,2,4,0,1
46,1331,14,2,2,63,3,3,4,10033,0,0,12,3,3,0,17,1,3,0,1
22,536,15,2,1,45,1,1,1,1339,4,1,13,3,1,0,3,1,0,1,1
36,1264,5,4,4,51,3,4,1,11149,3,0,15,3,1,0,0,3,4,0,1
23,550,20,2,1,42,1,1,1,2321,8,1,13,3,1,0,2,1,0,1,1
48,947,1,4,3,64,3,3,4,7546,2,0,18,3,4,2,22,3,16,0,1
30,811,19,4,4,38,1,1,4,3466,1,1,20,3,2,1,23,1,14,1,1
47,1012,3,4,3,66,3,4,3,6493,2,0,15,3,3,2,20,3,14,0,1
36,1344,4,4,4,63,3,2,4,10923,2,0,24,3,3,1,15,3,5,0,1
47,1369,1,4,3,92,3,4,3,10131,1,0,17,3,3,1,15,3,7,0,1
31,792,3,1,2,71,2,4,1,6353,5,1,15,3,1,1,6,3,15,0,1
51,283,26,1,4,99,1,4,1,13452,4,0,12,3,3,1,25,2,11,1,1
48,1222,16,2,1,63,2,4,1,6202,6,0,15,3,3,0,5,2,0,0,1
46,621,6,4,4,91,2,2,3,2378,7,1,17,3,1,0,17,3,24,1,1
38,1152,11,1,1,49,1,2,1,10968,4,0,14,3,4,0,29,3,2,1,1
50,897,1,3,1,98,2,4,3,9913,3,1,14,3,3,0,28,1,15,0,1
43,1301,2,4,3,97,3,4,3,12127,1,0,22,3,4,2,11,3,14,0,1
26,230,25,2,1,32,1,1,1,2127,8,1,11,3,1,0,1,1,1,1,1
36,1246,3,3,3,89,3,3,4,9291,2,0,17,3,3,1,18,3,12,0,1
49,439,25,4,2,79,3,1,3,9380,6,0,22,3,2,0,28,3,12,1,1
22,266,24,1,1,38,1,1,1,1269,8,1,13,3,1,0,4,1,1,1,1
41,333,1,4,2,67,2,2,3,6968,8,1,16,3,3,1,27,1,7,1,1
26,590,21,1,1,46,1,1,1,2850,4,1,13,3,1,0,2,1,0,1,1
45,1283,2,3,3,78,3,3,4,8163,2,0,17,3,4,2,11,3,18,0,1
43,836,1,3,3,80,3,2,3,11487,1,0,20,3,3,1,12,3,17,0,1
22,1016,26,3,2,82,2,4,4,14031,3,0,23,3,4,1,13,3,5,0,1
40,224,3,4,1,82,3,2,3,1815,1,1,24,3,2,1,16,2,15,1,1
54,1285,22,4,2,78,2,1,3,2604,0,0,22,3,2,0,29,1,16,0,1
45,899,2,3,3,92,3,4,4,5547,1,0,21,3,4,2,12,3,12,0,1
34,737,14,4,3,67,3,1,2,4950,1,0,12,3,2,1,21,2,2,0,1
40,1059,1,4,3,75,3,2,3,13947,2,0,20,3,3,2,11,3,12,0,1
35,221,20,2,3,52,2,3,3,9940,2,0,14,3,2,0,28,1,2,1,1
28,368,16,1,1,39,1,1,1,2381,7,1,12,3,1,0,3,1,2,1,1
38,1331,1,3,3,99,3,3,4,5949,1,0,15,3,4,1,23,3,16,0,1
31,350,28,1,1,53,1,1,1,2338,7,1,13,3,1,0,3,1,1,1,1
31,1310,2,3,4,69,3,4,4,7811,1,0,22,3,3,2,9,3,9,0,1
46,1213,26,1,1,87,1,1,2,4654,3,0,15,3,2,0,17,3,19,1,1
36,304,3,1,1,48,1,3,1,6622,1,0,11,3,1,1,9,2,1,0,1
48,928,4,3,4,79,3,3,3,12618,2,0,15,3,3,2,12,3,15,0,1
40,1208,23,1,1,30,2,2,4,7508,0,1,12,3,4,0,8,1,20,0,1
23,798,26,1,3,36,1,1,4,3051,5,0,19,3,1,1,27,3,20,1,1
48,1006,2,3,3,94,3,2,4,10526,1,0,23,3,3,1,15,3,6,0,1
47,951,3,3,3,84,3,4,3,10349,1,0,19,3,4,1,18,3,19,0,1
32,914,10,2,4,98,3,3,1,5444,7,0,12,3,4,0,28,3,24,1,1
29,1393,13,1,2,70,2,3,2,7359,2,0,15,3,4,1,16,1,6,0,1
30,354,17,2,1,34,1,1,1,2674,6,1,13,3,1,0,1,1,1,1,1
32,706,14,4,4,70,2,1,3,6691,3,1,24,3,3,0,13,2,23,0,1
51,1299,19,4,1,91,2,4,3,1885,3,0,14,3,4,1,22,1,20,1,1
28,559,29,2,1,37,1,1,1,1380,6,1,11,3,1,0,4,1,0,1,1
26,632,26,3,2,69,2,4,4,7228,4,1,21,3,4,0,0,1,21,0,1
24,469,23,1,1,37,1,1,1,2633,7,1,11,3,1,0,3,1,0,1,1
38,824,18,1,4,92,1,2,4,6491,2,1,13,3,1,2,12,1,4,1,1
34,843,9,4,1,66,1,1,4,2368,2,0,23,3,3,2,17,3,3,0,1
39,345,28,4,1,48,3,2,1,4868,1,0,24,3,4,1,17,2,5,0,1
27,742,9,4,2,85,2,1,1,13011,1,0,16,3,3,0,6,2,19,0,1
54,278,3,3,2,94,3,1,4,8110,8,1,22,3,4,1,5,3,1,1,1
25,492,19,1,1,38,1,1,1,1684,8,1,11,3,1,0,4,1,1,1,1
45,1271,1,3,3,97,3,4,3,5887,1,0,15,3,3,1,20,3,16,0,1
26,244,28,1,1,34,1,1,1,1717,5,1,11,3,1,0,3,1,0,1,1
25,490,8,4,4,65,2,4,2,2237,5,1,14,3,1,2,13,3,5,0,1
48,1223,15,1,3,50,1,1,3,14707,6,0,22,3,3,1,0,1,14,1,1
30,574,27,1,1,41,1,1,1,2973,6,1,12,3,1,0,4,1,2,1,1
46,1136,3,1,1,79,2,2,2,1327,8,0,23,3,3,0,5,2,6,1,1
22,227,23,2,1,50,1,1,1,2556,6,1,13,3,1,0,1,1,1,1,1
30,318,26,1,1,45,1,1,1,2685,7,1,12,3,1,0,4,1,2,1,1
24,455,29,4,4,94,1,2,4,12706,8,0,17,3,1,1,1,1,17,0,1
29,403,11,3,2,88,1,4,4,2360,1,0,12,3,2,0,25,1,10,0,1
50,1256,24,1,3,98,2,1,3,6279,7,1,12,3,3,1,7,2,20,0,1
26,445,17,1,1,40,1,1,1,2807,6,1,11,3,1,0,3,1,2,1,1
31,809,2,4,3,65,3,2,4,9901,1,0,17,3,4,1,10,3,19,0,1
25,453,17,1,1,86,3,4,1,2015,6,0,22,3,3,2,23,3,8,1,1
48,717,10,1,3,54,2,2,2,6913,4,1,14,3,3,1,6,2,16,0,1
29,323,26,2,1,30,1,1,1,1755,4,1,11,3,1,0,4,1,2,1,1
35,1282,1,4,4,88,3,2,4,8726,2,0,16,3,4,2,19,3,7,0,1
29,344,25,1,1,40,1,1,1,1575,5,1,13,3,1,0,2,1,1,1,1
45,1047,17,3,1,56,1,1,2,1300,8,0,22,3,2,2,0,3,7,1,1
36,869,3,4,4,62,3,2,3,8084,2,0,23,3,3,1,15,3,9,0,1
22,336,27,2,1,54,1,1,1,1908,8,1,12,3,1,0,3,1,0,1,1
35,1038,24,1,4,71,2,3,4,8595,8,0,22,3,2,2,25,1,14,0,1
33,621,22,3,2,82,2,2,2,9095,3,0,13,3,1,2,26,2,17,0,1
49,215,16,4,2,30,3,4,4,1425,1,1,18,3,2,2,15,1,11,0,1
49,898,1,4,3,79,3,4,4,10118,2,0,16,3,4,1,11,3,16,0,1
22,1228,22,4,2,61,2,1,1,11425,5,0,18,3,4,2,18,1,20,1,1
46,1076,2,4,4,70,3,4,4,12860,2,0,21,3,4,1,8,3,16,0,1
43,270,25,2,2,73,1,4,3,9334,2,0,15,3,1,0,27,1,1,1,1
33,932,3,4,4,65,3,2,4,11678,2,0,17,3,3,1,17,3,14,0,1
41,891,1,4,3,80,3,3,3,10800,1,0,16,3,3,1,18,3,17,0,1
25,462,29,1,1,35,1,1,1,1202,6,1,12,3,1,0,4,1,0,1,1
28,562,27,1,1,50,1,1,1,2435,6,1,12,3,1,0,2,1,0,1,1
42,844,4,4,4,71,3,2,3,5287,2,0,18,3,3,2,17,3,11,0,1
37,1153,4,4,4,90,3,4,3,5611,1,0,21,3,4,1,24,3,5,0,1
35,1088,13,4,1,82,1,3,2,10258,3,1,14,3,3,1,21,1,21,1,1
38,1024,1,3,4,95,3,4,4,9075,1,0,17,3,3,1,17,3,5,0,1
35,1128,10,2,1,76,3,1,4,8071,6,1,22,3,3,2,7,2,17,1,1
54,1193,28,1,1,35,2,2,4,13772,6,0,19,3,2,2,29,2,21,0,1
40,297,25,3,3,42,3,3,4,2747,8,1,21,3,3,0,3,1,7,1,1
38,799,29,2,4,76,2,4,1,7552,8,0,19,3,1,2,12,1,17,0,1
38,1022,20,1,4,83,3,2,4,11291,7,0,22,3,4,2,15,1,2,1,1
28,502,17,1,1,41,1,1,1,2287,4,1,11,3,1,0,4,1,1,1,1
42,565,4,1,3,98,1,3,3,5758,0,1,21,3,3,2,1,3,14,0,1
26,316,18,1,1,52,1,1,1,2641,5,1,13,3,1,0,4,1,0,1,1
36,1240,1,4,3,76,3,2,4,14189,2,0,24,3,3,1,13,3,19,0,1
31,570,27,2,1,32,1,1,1,1035,5,1,11,3,1,0,2,1,2,1,1
31,912,14,4,3,71,2,4,4,7091,1,0,18,3,3,1,6,3,0,0,1
27,276,27,1,1,32,1,1,1,1782,8,1,12,3,1,0,3,1,0,1,1
24,366,17,2,1,49,1,1,1,1129,5,1,11,3,1,0,3,1,0,1,1
31,1081,19,2,1,63,3,3,2,3042,5,0,23,3,3,1,10,3,12,0,1
48,918,3,4,3,94,3,4,3,8392,1,0,22,3,3,1,10,3,8,0,1
27,309,21,1,1,42,1,1,1,2891,7,1,13,3,1,0,4,1,2,1,1
22,385,14,2,2,55,3,3,3,12974,8,0,19,3,3,1,2,1,18,1,1
34,1375,1,3,4,96,3,4,3,14805,2,0,19,3,3,1,15,3,18,0,1
34,1353,17,2,1,70,3,1,1,2341,8,0,24,3,4,2,17,2,19,0,1
37,574,5,1,2,65,3,4,4,9784,3,1,15,3,1,2,2,2,4,1,1
46,1097,4,4,3,95,3,4,3,13485,2,0,16,3,3,1,16,3,10,0,1
34,936,18,2,3,46,2,1,1,6976,5,0,11,3,3,0,26,1,6,1,1
25,1220,13,3,4,56,1,3,4,6678,1,0,15,3,3,0,8,3,9,1,1
29,531,3,2,4,65,2,4,3,9759,0,1,15,3,2,1,19,2,24,1,1
23,679,10,4,3,39,3,2,2,1814,7,0,20,3,4,2,10,2,21,0,1
23,1107,21,1,3,93,2,3,2,7632,3,0,24,3,2,0,27,1,11,1,1
54,1338,4,2,3,43,1,1,2,6552,0,0,14,3,4,0,13,3,24,0,1
22,839,1,1,2,77,3,2,3,9999,7,1,23,3,3,0,26,1,16,1,1
34,1363,29,1,4,49,3,4,4,1714,6,0,20,3,3,0,10,2,4,0,1
28,643,13,4,1,41,2,4,2,1981,8,1,18,3,4,1,3,3,16,1,1
27,382,16,1,1,30,1,1,1,2605,7,1,13,3,1,0,4,1,0,1,1
37,665,18,2,2,72,3,3,3,1188,1,0,20,3,4,1,17,1,13,1,1
43,1297,26,3,2,78,1,2,4,5702,1,0,22,3,3,1,22,2,11,0,1
22,416,24,1,1,54,1,1,1,2998,7,1,13,3,1,0,2,1,1,1,1
30,964,3,4,3,86,3,3,3,12430,2,0,17,3,3,1,19,3,11,0,1
34,1106,10,1,3,79,3,3,1,12932,4,0,18,3,1,1,10,1,6,0,1
39,443,19,2,3,83,1,4,2,11011,2,0,14,3,3,2,21,2,22,1,1
29,804,28,2,2,49,1,3,3,14271,1,1,15,3,3,2,7,3,20,1,1
26,500,28,1,1,49,1,1,1,2364,7,1,11,3,1,0,3,1,2,1,1
32,895,3,4,4,97,3,3,4,5411,1,0,21,3,4,1,12,3,16,0,1
23,286,27,1,1,52,1,1,1,1944,5,1,13,3,1,0,3,1,0,1,1
50,876,23,2,1,73,1,4,4,10866,7,0,20,3,2,2,12,1,2,1,1
25,308,27,1,1,36,1,1,1,2455,6,1,11,3,1,0,4,1,0,1,1
28,597,19,2,1,43,1,1,1,1663,5,1,13,3,1,0,4,1,0,1,1
23,322,19,2,1,30,1,1,1,2741,7,1,12,3,1,0,4,1,2,1,1
49,1012,3,3,4,70,3,4,4,12262,2,0,21,3,4,2,12,3,14,0,1
22,580,22,2,1,34,1,1,1,2426,6,1,13,3,1,0,4,1,0,1,1
33,884,21,2,1,51,2,3,1,9766,1,1,12,3,1,0,6,1,16,0,1
41,1237,3,3,3,67,3,3,4,14219,2,0,15,3,4,2,13,3,8,0,1
36,879,2,4,3,86,3,2,3,5777,1,0,24,3,4,1,20,3,16,0,1
53,314,26,2,2,90,1,4,1,12365,1,1,14,3,4,2,0,1,10,0,1
46,215,21,1,4,65,3,3,4,5687,3,1,16,3,4,0,27,3,21,1,1
34,1205,6,4,3,65,3,3,1,12690,7,0,13,3,3,1,20,2,20,1,1
35,1269,4,3,4,73,3,3,4,14628,1,0,16,3,4,1,12,3,13,0,1
28,1073,19,4,3,37,1,2,1,10459,8,0,22,3,3,0,15,2,24,0,1
38,1011,27,1,3,57,2,3,1,13137,3,0,15,3,2,1,25,3,16,0,1
36,996,11,1,2,69,3,1,2,8690,0,0,24,3,3,2,7,3,24,1,1
45,1008,17,2,1,75,2,3,2,6766,5,0,21,3,4,0,10,1,7,0,1
38,1141,2,4,1,51,3,2,1,10998,4,1,11,3,4,2,4,3,18,1,1
34,1094,22,1,3,39,3,3,3,7348,1,1,13,3,3,2,20,2,14,1,1
26,307,21,1,1,36,1,1,1,2067,6,1,12,3,1,0,2,1,0,1,1
31,226,17,2,1,34,1,1,1,2448,4,1,12,3,1,0,1,1,2,1,1
39,933,4,3,4,63,3,2,4,11226,1,0,18,3,4,2,19,3,19,0,1
23,1348,28,3,3,76,1,2,4,8786,2,0,24,3,4,1,26,3,8,1,1
36,787,21,1,1,52,1,1,4,3662,0,1,20,3,1,1,25,3,14,0,1
22,592,17,2,1,38,1,1,1,2395,4,1,11,3,1,0,3,1,2,1,1
41,792,22,4,2,48,1,4,3,14930,8,1,16,3,3,2,20,2,15,1,1
26,568,16,1,1,40,1,1,1,1995,6,1,13,3,1,0,1,1,0,1,1
36,482,22,3,1,77,2,2,3,2070,6,0,15,3,1,2,16,3,9,0,1
29,872,7,2,3,36,1,2,4,4894,6,1,12,3,1,2,8,2,7,0,1
22,450,23,1,1,43,1,1,1,2945,6,1,11,3,1,0,2,1,1,1,1
53,461,10,2,4,96,3,1,2,12526,0,0,20,3,1,2,8,1,14,0,1
38,1128,4,4,4,89,3,3,3,11800,1,0,20,3,3,1,15,3,14,0,1
38,998,3,1,4,59,3,3,1,8694,7,1,18,3,4,2,1,2,4,0,1
34,536,21,3,1,79,3,2,1,5075,4,1,23,3,3,1,22,3,6,0,1
25,319,28,3,1,61,1,4,1,10453,4,0,22,3,3,2,3,1,18,0,1
43,277,15,3,2,97,2,1,4,3699,5,0,20,3,1,1,16,3,3,1,1
29,1376,7,2,4,60,3,1,2,1651,6,0,20,3,2,0,20,1,16,0,1
22,271,17,1,1,39,1,1,1,1673,7,1,11,3,1,0,1,1,1,1,1
34,770,29,4,2,63,3,2,1,1008,3,0,11,3,4,1,2,1,20,1,1
31,432,15,2,1,36,1,1,1,2001,7,1,12,3,1,0,3,1,0,1,1
44,1326,3,3,4,69,3,2,3,8232,1,0,19,3,4,1,23,3,16,0,1
43,1193,8,4,2,65,3,3,4,13199,1,0,16,3,3,1,0,3,9,0,1
44,488,9,1,1,80,3,2,4,1039,2,0,17,3,4,1,24,1,16,0,1
31,372,23,1,1,52,1,1,1,2664,5,1,13,3,1,0,3,1,2,1,1
26,416,22,2,1,36,1,1,1,1560,5,1,13,3,1,0,3,1,2,1,1
53,1211,3,4,2,98,1,4,4,8943,1,0,20,3,4,0,7,1,1,1,1
31,458,21,2,1,40,1,1,1,2439,6,1,12,3,1,0,4,1,2,1,1
45,264,18,2,1,85,3,3,2,12112,1,1,16,3,3,0,19,2,1,0,1
33,816,1,4,3,94,3,2,4,9275,1,0,18,3,4,2,20,3,19,0,1
48,1139,20,2,2,92,3,2,3,8997,6,0,15,3,3,1,19,2,2,0,1
37,1177,3,3,4,77,3,4,4,9618,2,0,17,3,4,1,11,3,17,0,1
34,746,6,2,3,72,3,2,3,11416,1,0,20,3,4,0,15,1,18,1,1
31,1210,3,4,4,88,3,2,4,13451,1,0,16,3,4,2,21,3,15,0,1
31,793,9,4,2,53,1,3,2,11285,8,1,17,3,2,2,23,2,14,0,1
33,617,8,3,2,98,3,3,1,8116,8,1,15,3,2,2,15,3,10,0,1
42,1367,4,4,3,90,3,2,3,9234,1,0,18,3,4,1,10,3,12,0,1
26,585,20,1,1,51,1,1,1,1343,4,1,11,3,1,0,2,1,1,1,1
31,368,18,2,1,30,1,1,1,2335,6,1,13,3,1,0,3,1,2,1,1
26,579,24,2,1,50,1,1,1,2310,7,1,13,3,1,0,2,1,0,1,1
48,1340,25,3,1,62,3,4,4,4841,7,0,12,3,3,2,18,2,16,0,1
47,1194,2,4,3,74,3,4,4,9459,2,0,20,3,3,2,10,3,7,0,1
29,247,16,4,1,58,3,2,1,13255,3,1,19,3,2,0,11,2,21,1,1
40,939,22,1,2,44,2,4,1,5916,5,1,16,3,2,0,29,1,0,0,1
39,706,3,3,4,56,1,3,4,7640,5,0,19,3,3,1,29,3,24,1,1
47,813,4,3,4,85,3,4,4,14656,2,0,21,3,3,2,21,3,9,0,1
23,299,29,1,1,49,1,1,1,2659,8,1,13,3,1,0,1,1,2,1,1
23,316,24,2,1,50,1,1,1,2787,6,1,12,3,1,0,3,1,0,1,1
32,839,14,4,4,46,1,4,1,4925,6,0,13,3,1,2,16,1,20,0,1
26,486,22,2,1,31,1,1,1,1086,5,1,11,3,1,0,4,1,0,1,1
42,995,3,3,4,91,3,2,4,13312,2,0,15,3,4,2,19,3,18,0,1
42,892,25,1,3,52,3,2,3,3551,4,1,17,3,3,2,25,3,13,0,1
31,801,3,4,3,70,3,2,3,8632,1,0,17,3,3,2,24,3,8,0,1
52,979,1,2,4,54,2,4,2,11322,6,0,23,3,3,0,2,3,4,1,1
30,861,1,3,4,63,3,3,4,14096,2,0,23,3,3,2,12,3,12,0,1
52,876,26,4,3,52,3,3,2,8025,5,1,18,3,1,1,0,3,7,1,1
35,1097,21,2,2,97,1,3,2,6256,3,0,21,3,1,1,18,3,6,0,1
28,319,21,1,1,32,1,1,1,1529,8,1,11,3,1,0,1,1,2,1,1
47,1037,2,3,3,65,3,2,4,9345,1,0,21,3,3,1,24,3,13,0,1
31,983,4,4,4,70,3,3,4,11476,1,0,17,3,4,2,8,3,9,0,1
40,1359,2,3,3,88,3,2,4,13197,1,0,15,3,3,2,9,3,8,0,1
23,530,23,1,1,32,1,1,1,1529,4,1,12,3,1,0,2,1,2,1,1
38,934,18,3,2,42,3,2,3,9611,1,0,24,3,1,0,6,1,20,0,1
27,520,17,1,1,47,1,1,1,2222,4,1,13,3,1,0,4,1,1,1,1
24,231,22,2,1,32,1,1,1,2767,6,1,11,3,1,0,3,1,0,1,1
22,404,16,2,1,40,1,1,1,2731,7,1,11,3,1,0,1,1,1,1,1
31,918,4,4,3,75,3,4,3,5218,1,0,21,3,3,1,18,3,14,0,1
38,1013,6,2,4,56,2,3,3,9011,2,1,14,3,1,0,3,3,20,1,1
36,882,3,3,3,96,3,3,3,14946,1,0,15,3,4,1,20,3,12,0,1
52,404,6,2,3,60,2,2,4,9148,2,0,20,3,3,0,7,1,11,1,1
23,399,29,1,1,46,1,1,1,1242,7,1,12,3,1,0,1,1,0,1,1
41,1008,2,3,4,85,3,4,3,7017,2,0,23,3,4,2,11,3,15,0,1
26,323,22,1,1,42,1,1,1,2939,4,1,13,3,1,0,3,1,2,1,1
46,1165,4,3,4,79,3,3,4,5044,1,0,21,3,4,1,24,3,10,0,1
45,935,1,3,4,93,3,4,4,10005,1,0,21,3,3,2,16,3,11,0,1
27,233,1,3,1,93,1,3,2,9653,0,1,13,3,4,1,21,1,7,1,1
37,1030,2,4,4,61,3,2,3,7024,1,0,23,3,4,2,23,3,18,0,1
22,509,2,2,2,62,3,2,1,4367,6,0,19,3,3,2,20,3,3,1,1
38,934,29,2,3,98,3,1,4,10138,1,0,18,3,4,1,13,1,7,1,1
32,325,11,2,2,61,2,3,4,8428,2,1,20,3,3,1,7,1,12,0,1
22,556,19,1,1,52,1,1,1,2605,5,1,12,3,1,0,1,1,0,1,1
25,723,10,2,4,35,2,3,3,3489,0,0,19,3,1,0,7,2,21,0,1
47,432,6,4,2,55,2,1,3,14795,8,1,12,3,3,2,10,1,7,0,1
51,805,20,1,4,44,3,3,4,5871,3,0,20,3,4,1,4,3,3,0,1
36,674,17,3,4,89,1,1,3,1990,8,1,15,3,2,1,0,1,24,1,1
26,286,21,1,1,34,1,1,1,1755,4,1,11,3,1,0,2,1,1,1,1
35,1169,23,3,2,62,3,2,1,7296,7,0,15,3,3,1,10,1,11,0,1
43,1052,27,2,2,77,2,2,3,9114,0,0,22,3,3,1,12,2,24,0,1
39,1078,2,3,3,92,3,4,4,14161,2,0,21,3,3,1,9,3,10,0,1
37,1226,4,4,4,64,3,4,4,7267,1,0,16,3,4,2,10,3,13,0,1
34,556,23,3,1,76,2,1,4,10670,1,1,18,3,2,1,0,3,13,0,1
33,1098,7,4,4,54,1,3,3,7075,2,0,21,3,3,0,19,2,6,0,1
28,391,16,1,1,35,1,1,1,1313,7,1,13,3,1,0,1,1,0,1,1
43,781,7,4,4,53,1,2,2,11056,4,0,11,3,3,1,29,3,10,1,1
25,502,12,1,4,87,2,2,3,3583,1,1,15,3,1,2,7,1,18,0,1
29,1088,25,4,4,83,3,4,4,7616,3,1,19,3,1,0,5,3,11,0,1
23,289,20,1,1,40,1,1,1,1094,5,1,13,3,1,0,1,1,1,1,1
31,524,28,1,1,33,1,1,1,1518,8,1,12,3,1,0,2,1,1,1,1
44,1266,1,4,3,74,3,3,3,5176,2,0,17,3,3,1,16,3,9,0,1
26,347,26,1,1,52,1,1,1,1906,5,1,13,3,1,0,1,1,0,1,1
45,723,14,3,3,93,3,1,2,8912,3,1,22,3,2,2,20,3,7,0,1
36,944,4,4,4,77,3,2,3,8574,2,0,17,3,3,1,23,3,10,0,1
52,614,1,3,2,38,2,2,2,1107,2,0,23,3,3,0,13,2,16,0,1
28,346,29,2,1,42,1,1,1,1607,6,1,12,3,1,0,1,1,0,1,1
48,1011,7,1,1,59,2,4,2,10683,5,0,17,3,3,2,22,2,24,0,1
47,863,4,3,4,76,3,3,3,11087,2,0,24,3,3,1,11,3,10,0,1
25,495,25,1,1,31,1,1,1,1136,6,1,13,3,1,0,3,1,1,1,1
51,1259,6,3,3,35,3,1,4,13735,4,1,12,3,3,0,22,2,16,1,1
48,555,16,4,2,54,3,2,3,2190,0,0,15,3,3,2,21,2,19,1,1
45,863,3,4,4,78,3,2,4,9188,1,0,24,3,4,1,22,3,12,0,1
51,1233,20,1,2,45,1,4,2,5610,6,1,19,3,4,1,12,2,23,0,1
43,1351,2,4,3,98,3,2,4,13589,1,0,16,3,3,2,17,3,16,0,1
27,232,13,2,4,79,3,1,1,2844,7,1,13,3,1,1,19,2,3,1,1
24,235,21,1,1,48,1,1,1,2319,5,1,13,3,1,0,2,1,0,1,1
25,530,16,2,1,46,1,1,1,2815,5,1,13,3,1,0,3,1,1,1,1
52,400,10,1,1,80,1,2,2,8791,5,0,18,3,2,1,28,1,20,0,1
29,1272,16,2,2,66,1,4,1,10365,5,0,22,3,4,1,3,2,12,1,1
32,746,7,2,3,98,3,2,4,7139,3,1,22,3,4,1,11,1,15,1,1
23,478,24,1,2,83,3,1,4,2360,8,1,22,3,4,1,8,1,1,0,1
37,889,18,3,2,83,1,2,1,4336,8,1,22,3,4,0,18,3,18,1,1
43,846,1,3,3,74,3,3,3,7078,2,0,21,3,3,2,11,3,6,0,1
47,1347,2,4,4,80,3,3,3,13160,1,0,22,3,4,2,12,3,15,0,1
24,317,15,1,1,37,1,1,1,1310,5,1,12,3,1,0,3,1,2,1,1
40,1319,2,4,3,66,3,3,4,9444,1,0,21,3,4,1,19,3,8,0,1
31,432,21,2,1,44,1,1,1,2849,7,1,12,3,1,0,3,1,2,1,1
53,539,4,1,4,94,1,2,3,6259,6,0,19,3,4,1,21,2,8,0,1
35,1060,3,2,1,88,3,2,1,5080,0,0,15,3,1,2,6,2,18,1,1
34,1167,1,3,3,84,3,2,3,9853,2,0,18,3,4,2,24,3,5,0,1
47,1360,2,3,3,64,1,3,2,3175,5,1,15,3,1,1,17,2,17,0,1
38,776,9,1,4,87,2,3,3,10534,1,1,21,3,2,0,27,2,12,0,1
33,822,3,3,4,68,3,4,3,6444,1,0,17,3,3,1,10,3,6,0,1
41,1320,2,4,3,79,3,2,3,6753,1,0,20,3,3,2,17,3,7,0,1
36,966,22,4,3,75,1,1,1,3611,1,0,13,3,2,0,13,1,14,1,1
48,904,4,4,4,97,3,2,3,9164,1,0,21,3,3,1,11,3,14,0,1
43,1161,3,3,4,63,3,2,4,5026,2,0,19,3,3,2,15,3,6,0,1
31,294,25,1,1,41,1,1,1,2338,8,1,11,3,1,0,2,1,0,1,1
33,999,1,4,4,97,3,4,4,7988,1,0,17,3,3,2,14,3,5,0,1
26,1053,14,1,1,60,3,2,1,13962,5,0,15,3,2,0,7,2,6,0,1
28,299,24,2,1,42,1,1,1,1195,6,1,12,3,1,0,3,1,0,1,1
31,1353,4,3,3,66,3,3,4,6475,1,0,20,3,4,2,13,3,13,0,1
52,750,18,2,2,66,2,1,4,2223,2,0,16,3,3,0,13,1,22,1,1
34,743,17,3,1,70,1,1,1,14223,1,1,16,3,3,0,14,1,8,1,1
47,571,10,4,3,32,2,2,1,10911,0,1,21,3,4,1,2,3,15,1,1
47,855,21,4,1,78,3,3,1,13795,8,1,18,3,2,2,22,2,17,1,1
23,510,22,3,1,68,1,1,4,11126,8,1,16,3,2,2,24,2,23,0,1
44,898,15,2,2,42,1,1,4,9483,0,1,11,3,2,2,5,1,3,1,1
49,1237,2,3,4,69,3,2,3,8567,2,0,24,3,4,1,11,3,5,0,1
44,1257,4,4,4,68,3,4,4,14198,1,0,24,3,3,2,9,3,13,0,1
33,1357,18,2,1,92,1,3,2,8823,0,1,14,3,1,2,2,1,17,0,1
41,639,7,1,4,62,2,4,2,13795,7,1,14,3,4,0,1,2,3,0,1
22,282,20,1,1,46,1,1,1,1718,8,1,12,3,1,0,3,1,0,1,1
48,1348,2,4,3,91,3,2,4,14896,2,0,20,3,3,2,8,3,8,0,1
26,459,23,2,1,48,1,1,1,1045,7,1,12,3,1,0,2,1,2,1,1
43,1166,4,4,4,85,3,4,3,5876,2,0,21,3,4,1,23,3,11,0,1
35,544,24,3,4,96,3,2,3,3090,4,0,23,3,4,1,6,1,15,1,1
34,658,20,2,1,35,2,4,1,13035,6,0,14,3,2,2,0,3,19,1,1
50,416,5,2,2,95,1,2,4,10133,0,0,17,3,3,0,2,1,14,0,1
24,1077,24,2,2,67,1,2,1,12402,0,1,19,3,4,1,0,3,23,1,1
22,1160,25,1,1,65,1,4,4,6145,0,1,24,3,2,1,9,3,22,1,1
33,1030,24,3,1,33,1,2,4,3157,5,1,24,3,4,2,28,2,21,0,1
30,260,21,2,1,38,1,1,1,1878,4,1,11,3,1,0,2,1,1,1,1
25,303,28,2,1,34,1,1,1,1944,5,1,12,3,1,0,2,1,0,1,1
49,1204,16,1,3,46,3,4,1,8630,3,0,24,3,2,2,23,2,4,0,1
48,1156,1,4,3,99,3,2,3,12547,1,0,16,3,4,1,9,3,18,0,1
35,1328,1,4,4,99,3,2,3,9027,2,0,20,3,3,1,10,3,11,0,1
50,1372,7,3,1,34,3,1,2,4268,6,0,14,3,1,2,27,2,23,0,1
46,1215,4,3,4,70,3,2,3,5679,1,0,20,3,4,2,12,3,12,0,1
46,893,22,3,1,76,2,4,3,6006,6,1,23,3,4,2,5,3,12,0,1
22,321,27,1,1,33,1,1,1,2875,5,1,11,3,1,0,1,1,1,1,1
38,1042,25,1,1,55,1,4,4,8619,5,1,15,3,4,0,12,1,8,0,1
31,300,21,1,1,53,1,1,1,2352,4,1,12,3,1,0,3,1,2,1,1
46,1195,4,3,3,88,3,2,4,10745,2,0,19,3,4,2,18,3,7,0,1
48,1034,23,4,2,97,2,4,1,2997,7,1,20,3,3,1,27,1,4,0,1
47,706,5,3,2,61,2,1,3,12176,3,0,15,3,4,2,20,2,6,0,1
38,966,18,3,2,57,2,3,1,8105,5,0,14,3,4,2,10,1,5,0,1
24,381,18,1,1,44,1,1,1,1202,5,1,13,3,1,0,2,1,1,1,1
39,662,3,1,1,63,2,3,1,6512,7,1,21,3,3,2,24,3,6,0,1
49,1108,4,3,3,95,3,4,4,11561,2,0,15,3,4,1,8,3,14,0,1
36,582,21,3,1,52,1,1,2,12181,3,1,19,3,2,1,17,1,8,1,1
26,755,29,2,4,45,2,4,2,14031,3,1,14,3,1,2,25,3,24,0,1
29,211,17,1,1,31,1,1,1,2228,6,1,13,3,1,0,4,1,0,1,1
27,476,26,1,1,36,1,1,1,2293,4,1,13,3,1,0,3,1,2,1,1
34,429,21,2,1,80,3,1,3,5472,7,0,20,3,2,0,3,3,17,1,1
38,802,2,3,4,82,3,3,4,9846,2,0,24,3,4,2,16,3,12,0,1
35,720,25,2,2,77,3,4,3,5838,1,1,12,3,4,0,10,2,13,1,1
26,309,21,1,1,37,1,1,1,2832,6,1,11,3,1,0,2,1,2,1,1
27,409,15,2,1,45,1,1,1,2513,7,1,12,3,1,0,4,1,1,1,1
37,625,23,1,3,86,2,1,1,1453,3,1,24,3,4,0,10,2,2,0,1
32,1235,29,3,3,97,2,4,3,3817,7,1,13,3,1,0,20,1,4,1,1
32,436,2,3,4,66,2,1,3,2956,4,1,20,3,1,2,14,1,14,0,1
30,323,27,2,1,48,1,1,1,2741,6,1,11,3,1,0,4,1,2,1,1
23,311,28,2,1,53,1,1,1,2072,7,1,13,3,1,0,1,1,2,1,1
33,1244,2,4,3,95,3,2,4,11861,2,0,21,3,4,1,9,3,14,0,1
29,501,18,1,2,70,2,4,3,6005,4,1,15,3,4,0,22,3,20,0,1
36,988,3,4,4,95,3,3,3,14477,1,0,15,3,3,2,16,3,6,0,1
45,1234,1,4,3,63,3,3,4,9832,2,0,21,3,4,2,14,3,14,0,1
41,1157,1,3,3,99,3,4,4,11782,2,0,19,3,3,2,14,3,19,0,1
45,316,2,2,4,71,1,2,2,10875,5,1,19,3,2,0,8,1,2,1,1
48,1129,3,3,4,68,3,2,3,6117,2,0,18,3,4,1,13,3,19,0,1
